ATB ID,solvent,value,error_estimate,formula,inchi
8,water,7.77,1.47,C4H10,"InChI=1S/C4H10/c1-4(2)3/h4H,1-3H3"
8,hexane,-10.79,1.43,C4H10,"InChI=1S/C4H10/c1-4(2)3/h4H,1-3H3"
10,water,-10.31,1.22,CH4S,"InChI=1S/CH4S/c1-2/h2H,1H3"
10,hexane,-8.8,0.8,CH4S,"InChI=1S/CH4S/c1-2/h2H,1H3"
12,water,-7.91,1.42,C3H8S,"InChI=1S/C3H8S/c1-3-4-2/h3H2,1-2H3"
12,hexane,-14.91,1.29,C3H8S,"InChI=1S/C3H8S/c1-3-4-2/h3H2,1-2H3"
14,water,-27.07,0.62,C9H9N,"InChI=1S/C9H9N/c1-7-6-10-9-5-3-2-4-8(7)9/h2-6,10H,1H3"
17,water,-25.58,1.49,C7H8O,"InChI=1S/C7H8O/c1-6-2-4-7(8)5-3-6/h2-5,8H,1H3"
17,hexane,-22.73,1.44,C7H8O,"InChI=1S/C7H8O/c1-6-2-4-7(8)5-3-6/h2-5,8H,1H3"
18,water,9.01,1.11,C3H8,"InChI=1S/C3H8/c1-3-2/h3H2,1-2H3"
18,hexane,-8.46,1.15,C3H8,"InChI=1S/C3H8/c1-3-2/h3H2,1-2H3"
19,water,-35.81,1.38,C3H7NO,"InChI=1S/C3H7NO/c1-2-3(4)5/h2H2,1H3,(H2,4,5)"
19,hexane,-14.01,1.45,C3H7NO,"InChI=1S/C3H7NO/c1-2-3(4)5/h2H2,1H3,(H2,4,5)"
20,water,-24.93,0.49,C3H6O2,"InChI=1S/C3H6O2/c1-2-3(4)5/h2H2,1H3,(H,4,5)"
20,hexane,-14.51,1.31,C3H6O2,"InChI=1S/C3H6O2/c1-2-3(4)5/h2H2,1H3,(H,4,5)"
21,water,-1.23,0.5,C7H8,"InChI=1S/C7H8/c1-7-5-3-2-4-6-7/h2-6H,1H3"
21,hexane,-19.11,0.73,C7H8,"InChI=1S/C7H8/c1-7-5-3-2-4-6-7/h2-6H,1H3"
22,water,-28.04,0.44,C2H4O2,"InChI=1S/C2H4O2/c1-2(3)4/h1H3,(H,3,4)"
22,hexane,-11.89,0.98,C2H4O2,"InChI=1S/C2H4O2/c1-2(3)4/h1H3,(H,3,4)"
113,water,-20.98,1.07,C3H8O,"InChI=1S/C3H8O/c1-3(2)4/h3-4H,1-2H3"
113,hexane,-11.34,1.15,C3H8O,"InChI=1S/C3H8O/c1-3(2)4/h3-4H,1-2H3"
125,water,-64.6,1.37,C4H3BrN2O2,"InChI=1S/C4H3BrN2O2/c5-2-1-6-4(9)7-3(2)8/h1H,(H2,6,7,8,9)"
125,hexane,-35.75,1.27,C4H3BrN2O2,"InChI=1S/C4H3BrN2O2/c5-2-1-6-4(9)7-3(2)8/h1H,(H2,6,7,8,9)"
144,water,-22.95,1.4,C7H9N,"InChI=1S/C7H9N/c1-6-3-2-4-7(8)5-6/h2-5H,8H2,1H3"
144,hexane,-23.6,1.24,C7H9N,"InChI=1S/C7H9N/c1-6-3-2-4-7(8)5-6/h2-5H,8H2,1H3"
153,water,-19.33,1.15,C7H9N,"InChI=1S/C7H9N/c1-6-2-4-7(8)5-3-6/h2-5H,8H2,1H3"
153,hexane,-22.8,1.31,C7H9N,"InChI=1S/C7H9N/c1-6-2-4-7(8)5-3-6/h2-5H,8H2,1H3"
244,water,-29.0,0.93,C7H7NO,"InChI=1S/C7H8NO/c1-6(9)7-3-2-4-8-5-7/h2-5,7H,1H3"
262,water,-35.27,0.93,C6H8N2,"InChI=1S/C6H8N2/c7-5-2-1-3-6(8)4-5/h1-4H,7-8H2"
362,water,-46.06,1.3,C4H6N2,"InChI=1S/C4H7N2/c1-6-3-2-5-4-6/h2,4H,3H2,1H3"
451,water,9.23,0.38,C2H6,"InChI=1S/C2H6/c1-2/h1-2H3"
451,hexane,-3.7,0.92,C2H6,"InChI=1S/C2H6/c1-2/h1-2H3"
461,water,-91.38,0.9,C6H12O6,"InChI=1S/C6H12O6/c7-1-2-3(8)4(9)5(10)6(11)12-2/h2-11H,1H2/t2-,3-,4+,5-,6-/m1/s1"
467,water,10.27,1.27,C6H14,"InChI=1S/C6H14/c1-3-5-6-4-2/h3-6H2,1-2H3"
467,hexane,-16.61,0.7,C6H14,"InChI=1S/C6H14/c1-3-5-6-4-2/h3-6H2,1-2H3"
480,water,-44.89,0.84,C4H6N2,"InChI=1S/C4H7N2/c1-4-2-5-3-6-4/h3,5H,2H2,1H3"
480,hexane,-21.22,1.32,C4H6N2,"InChI=1S/C4H7N2/c1-4-2-5-3-6-4/h3,5H,2H2,1H3"
623,water,-17.45,0.78,C8H8O,"InChI=1S/C8H8O/c1-7(9)8-5-3-2-4-6-8/h2-6H,1H3"
623,hexane,-24.83,1.06,C8H8O,"InChI=1S/C8H8O/c1-7(9)8-5-3-2-4-6-8/h2-6H,1H3"
624,water,-17.31,0.93,C9H10O,"InChI=1S/C9H10O/c1-7-3-5-9(6-4-7)8(2)10/h3-6H,1-2H3"
635,water,-26.57,1.08,C7H7NO,"InChI=1S/C7H8NO/c1-6(9)7-2-4-8-5-3-7/h2,4-5H,3H2,1H3"
647,water,-30.38,0.88,C7H9NO,"InChI=1S/C7H9NO/c1-9-7-4-2-6(8)3-5-7/h2-5H,8H2,1H3"
648,water,-29.48,1.34,C7H9NO,"InChI=1S/C7H9NO/c1-9-7-4-2-3-6(8)5-7/h2-5H,8H2,1H3"
649,water,-32.03,1.18,C7H9NO,"InChI=1S/C7H9NO/c1-9-7-5-3-2-4-6(7)8/h2-5H,8H2,1H3"
745,water,-20.45,1.5,C6H14O,"InChI=1S/C6H14O/c1-5(2)4-6(3)7/h5-7H,4H2,1-3H3/t6-/m1/s1"
751,water,9.68,0.9,C5H12,"InChI=1S/C5H12/c1-3-5-4-2/h3-5H2,1-2H3"
751,hexane,-14.08,0.8,C5H12,"InChI=1S/C5H12/c1-3-5-4-2/h3-5H2,1-2H3"
752,water,6.23,0.77,C6H12,"InChI=1S/C6H12/c1-3-5-6-4-2/h3H,1,4-6H2,2H3"
752,hexane,-15.72,1.48,C6H12,"InChI=1S/C6H12/c1-3-5-6-4-2/h3H,1,4-6H2,2H3"
753,water,12.45,0.93,C5H12,"InChI=1S/C5H12/c1-5(2,3)4/h1-4H3"
753,hexane,-9.66,0.64,C5H12,"InChI=1S/C5H12/c1-5(2,3)4/h1-4H3"
755,water,9.49,0.93,C6H14,"InChI=1S/C6H14/c1-4-5-6(2)3/h6H,4-5H2,1-3H3"
755,hexane,-17.1,1.5,C6H14,"InChI=1S/C6H14/c1-4-5-6(2)3/h6H,4-5H2,1-3H3"
756,water,9.65,0.9,C6H14,"InChI=1S/C6H14/c1-4-6(3)5-2/h6H,4-5H2,1-3H3"
757,water,12.26,0.49,C6H14,"InChI=1S/C6H14/c1-5-6(2,3)4/h5H2,1-4H3"
758,water,11.2,1.36,C7H16,"InChI=1S/C7H16/c1-3-5-7-6-4-2/h3-7H2,1-2H3"
758,hexane,-20.6,1.21,C7H16,"InChI=1S/C7H16/c1-3-5-7-6-4-2/h3-7H2,1-2H3"
759,water,10.02,1.22,C7H16,"InChI=1S/C7H16/c1-6(2)5-7(3)4/h6-7H,5H2,1-4H3"
759,hexane,-18.46,0.66,C7H16,"InChI=1S/C7H16/c1-6(2)5-7(3)4/h6-7H,5H2,1-4H3"
761,water,11.68,1.14,C8H18,"InChI=1S/C8H18/c1-7(2)6-8(3,4)5/h7H,6H2,1-5H3"
761,hexane,-18.61,0.92,C8H18,"InChI=1S/C8H18/c1-7(2)6-8(3,4)5/h7H,6H2,1-5H3"
763,water,7.09,0.45,C3H6,"InChI=1S/C3H6/c1-2-3-1/h1-3H2"
763,hexane,-7.06,0.98,C3H6,"InChI=1S/C3H6/c1-2-3-1/h1-3H2"
764,water,5.88,0.85,C5H10,"InChI=1S/C5H10/c1-2-4-5-3-1/h1-5H2"
764,hexane,-14.67,1.18,C5H10,"InChI=1S/C5H10/c1-2-4-5-3-1/h1-5H2"
766,water,7.31,0.85,C6H12,"InChI=1S/C6H12/c1-6-4-2-3-5-6/h6H,2-5H2,1H3"
767,water,5.34,0.48,C7H14,"InChI=1S/C7H14/c1-2-4-6-7-5-3-1/h1-7H2"
768,water,7.36,1.18,C7H14,"InChI=1S/C7H14/c1-7-5-3-2-4-6-7/h7H,2-6H2,1H3"
768,hexane,-20.49,0.9,C7H14,"InChI=1S/C7H14/c1-7-5-3-2-4-6-7/h7H,2-6H2,1H3"
769,water,5.66,1.0,C8H16,"InChI=1S/C8H16/c1-2-4-6-8-7-5-3-1/h1-8H2"
771,water,6.82,0.9,C2H4,"InChI=1S/C2H4/c1-2/h1-2H2"
771,hexane,-2.22,0.77,C2H4,"InChI=1S/C2H4/c1-2/h1-2H2"
772,water,6.51,0.61,C3H6,"InChI=1S/C3H6/c1-3-2/h3H,1H2,2H3"
772,hexane,-6.16,0.99,C3H6,"InChI=1S/C3H6/c1-3-2/h3H,1H2,2H3"
774,water,6.21,1.31,C4H8,"InChI=1S/C4H8/c1-4(2)3/h1H2,2-3H3"
776,water,8.74,0.68,C5H10,"InChI=1S/C5H10/c1-3-5-4-2/h3,5H,4H2,1-2H3/b5-3+"
777,water,8.88,0.72,C5H10,"InChI=1S/C5H10/c1-4-5(2)3/h4H,1-3H3"
778,water,6.78,0.57,C5H10,"InChI=1S/C5H10/c1-4-5(2)3/h4-5H,1H2,2-3H3"
780,water,6.52,0.74,C6H12,"InChI=1S/C6H12/c1-4-5-6(2)3/h2,4-5H2,1,3H3"
781,water,7.78,0.88,C6H12,"InChI=1S/C6H12/c1-4-5-6(2)3/h4,6H,1,5H2,2-3H3"
782,water,9.94,0.82,C7H14,"InChI=1S/C7H14/c1-3-5-7-6-4-2/h3,5H,4,6-7H2,1-2H3/b5-3+"
784,water,5.45,0.68,C5H8,"InChI=1S/C5H8/c1-2-4-5-3-1/h1-2H,3-5H2"
785,water,4.65,0.77,C6H10,"InChI=1S/C6H10/c1-2-4-6-5-3-1/h1-2H,3-6H2"
786,water,8.37,0.66,C5H12,"InChI=1S/C5H12/c1-4-5(2)3/h5H,4H2,1-3H3"
787,water,4.72,0.82,C7H12,"InChI=1S/C7H12/c1-7-5-3-2-4-6-7/h5H,2-4,6H2,1H3"
788,water,4.93,0.67,C4H6,"InChI=1S/C4H6/c1-3-4-2/h3-4H,1-2H2"
788,hexane,-8.74,1.27,C4H6,"InChI=1S/C4H6/c1-3-4-2/h3-4H,1-2H2"
789,water,5.66,0.8,C5H8,"InChI=1S/C5H8/c1-3-5-4-2/h3-4H,1-2,5H2"
791,water,4.27,1.39,C5H8,"InChI=1S/C5H8/c1-4-5(2)3/h4H,1-2H2,3H3"
792,water,5.42,0.85,C6H10,"InChI=1S/C6H10/c1-3-5-6-4-2/h3-4H,1-2,5-6H2"
794,water,-1.81,0.79,C7H8,"InChI=1S/C7H8/c1-2-4-6-7-5-3-1/h1-6H,7H2"
796,water,-9.97,1.14,C3H4,"InChI=1S/C3H4/c1-3-2/h1H,2H3"
796,hexane,-6.64,0.89,C3H4,"InChI=1S/C3H4/c1-3-2/h1H,2H3"
797,water,2.05,0.7,C4H6,"InChI=1S/C4H6/c1-3-4-2/h1H,4H2,2H3"
797,hexane,-9.24,1.08,C4H6,"InChI=1S/C4H6/c1-3-4-2/h1H,4H2,2H3"
798,water,-0.08,1.35,C5H8,"InChI=1S/C5H8/c1-3-5-4-2/h1H,4-5H2,2H3"
798,hexane,-11.41,1.25,C5H8,"InChI=1S/C5H8/c1-3-5-4-2/h1H,4-5H2,2H3"
799,water,2.54,0.91,C6H10,"InChI=1S/C6H10/c1-3-5-6-4-2/h1H,4-6H2,2H3"
799,hexane,-14.92,1.26,C6H10,"InChI=1S/C6H10/c1-3-5-6-4-2/h1H,4-6H2,2H3"
800,water,2.29,1.2,C7H12,"InChI=1S/C7H12/c1-3-5-7-6-4-2/h1H,4-7H2,2H3"
801,water,1.32,1.32,C8H14,"InChI=1S/C8H14/c1-3-5-7-8-6-4-2/h1H,4-8H2,2H3"
802,water,2.96,1.35,C9H16,"InChI=1S/C9H16/c1-3-5-7-9-8-6-4-2/h1H,4-9H2,2H3"
803,water,3.73,0.7,C4H4,"InChI=1S/C4H4/c1-3-4-2/h1,4H,2H2"
804,water,-3.17,0.49,C6H6,"InChI=1S/C6H6/c1-2-4-6-5-3-1/h1-6H"
804,hexane,-17.28,1.49,C6H6,"InChI=1S/C6H6/c1-2-4-6-5-3-1/h1-6H"
806,water,-2.13,0.7,C8H10,"InChI=1S/C8H10/c1-2-8-6-4-3-5-7-8/h3-7H,2H2,1H3"
806,hexane,-22.64,1.14,C8H10,"InChI=1S/C8H10/c1-2-8-6-4-3-5-7-8/h3-7H,2H2,1H3"
807,water,-1.98,0.67,C8H10,"InChI=1S/C8H10/c1-7-5-3-4-6-8(7)2/h3-6H,1-2H3"
807,hexane,-22.76,0.64,C8H10,"InChI=1S/C8H10/c1-7-5-3-4-6-8(7)2/h3-6H,1-2H3"
808,water,-2.86,0.42,C8H10,"InChI=1S/C8H10/c1-7-4-3-5-8(2)6-7/h3-6H,1-2H3"
808,hexane,-22.73,0.99,C8H10,"InChI=1S/C8H10/c1-7-4-3-5-8(2)6-7/h3-6H,1-2H3"
809,water,-1.42,0.46,C8H10,"InChI=1S/C8H10/c1-7-3-5-8(2)6-4-7/h3-6H,1-2H3"
809,hexane,-22.38,1.0,C8H10,"InChI=1S/C8H10/c1-7-3-5-8(2)6-4-7/h3-6H,1-2H3"
810,water,-3.62,1.13,C9H12,"InChI=1S/C9H12/c1-2-6-9-7-4-3-5-8-9/h3-5,7-8H,2,6H2,1H3"
811,water,-0.89,1.02,C9H12,"InChI=1S/C9H12/c1-8(2)9-6-4-3-5-7-9/h3-8H,1-2H3"
812,water,-0.82,0.95,C9H12,"InChI=1S/C9H12/c1-7-4-5-8(2)9(3)6-7/h4-6H,1-3H3"
813,water,-0.5,1.19,C10H14,"InChI=1S/C10H14/c1-2-3-7-10-8-5-4-6-9-10/h4-6,8-9H,2-3,7H2,1H3"
814,water,-4.58,0.74,C10H14,"InChI=1S/C10H14/c1-3-9(2)10-7-5-4-6-8-10/h4-9H,3H2,1-2H3/t9-/m1/s1"
815,water,-0.65,0.88,C10H14,"InChI=1S/C10H14/c1-10(2,3)9-7-5-4-6-8-9/h4-8H,1-3H3"
816,water,-4.12,1.45,C11H16,"InChI=1S/C11H16/c1-4-11(2,3)10-8-6-5-7-9-10/h5-9H,4H2,1-3H3"
817,water,-9.73,0.69,C12H10,"InChI=1S/C12H10/c1-3-7-11(8-4-1)12-9-5-2-6-10-12/h1-10H"
818,water,-13.36,0.81,C13H12,"InChI=1S/C13H12/c1-3-7-12(8-4-1)11-13-9-5-2-6-10-13/h1-10H,11H2"
819,water,-11.75,0.71,C13H10,"InChI=1S/C13H10/c1-3-7-12-10(5-1)9-11-6-2-4-8-13(11)12/h1-8H,9H2"
820,water,-9.65,0.5,C10H8,"InChI=1S/C10H8/c1-2-6-10-8-4-3-7-9(10)5-1/h1-8H"
820,hexane,-28.6,0.76,C10H8,"InChI=1S/C10H8/c1-2-6-10-8-4-3-7-9(10)5-1/h1-8H"
821,water,-7.68,1.2,C11H10,"InChI=1S/C11H10/c1-9-5-4-7-10-6-2-3-8-11(9)10/h2-8H,1H3"
822,water,-7.3,0.54,C12H12,"InChI=1S/C12H12/c1-2-10-7-5-8-11-6-3-4-9-12(10)11/h3-9H,2H2,1H3"
823,water,-6.04,0.59,C12H12,"InChI=1S/C12H12/c1-9-7-10(2)12-6-4-3-5-11(12)8-9/h3-8H,1-2H3"
824,water,-6.65,0.93,C12H12,"InChI=1S/C12H12/c1-9-7-8-10(2)12-6-4-3-5-11(9)12/h3-8H,1-2H3"
825,water,-7.18,1.23,C12H12,"InChI=1S/C12H12/c1-9-7-11-5-3-4-6-12(11)8-10(9)2/h3-8H,1-2H3"
826,water,-5.18,1.37,C12H12,"InChI=1S/C12H12/c1-9-3-5-12-8-10(2)4-6-11(12)7-9/h3-8H,1-2H3"
827,water,-12.29,0.63,C12H8,"InChI=1S/C12H8/c1-3-9-4-2-6-11-8-7-10(5-1)12(9)11/h1-8H"
828,water,-15.33,1.31,C14H10,"InChI=1S/C14H10/c1-2-6-12-10-14-8-4-3-7-13(14)9-11(12)5-1/h1-10H"
828,hexane,-41.87,1.04,C14H10,"InChI=1S/C14H10/c1-2-6-12-10-14-8-4-3-7-13(14)9-11(12)5-1/h1-10H"
829,water,-15.01,0.72,C14H10,"InChI=1S/C14H10/c1-3-7-13-11(5-1)9-10-12-6-2-4-8-14(12)13/h1-10H"
842,water,-18.96,1.02,C4H10O,"InChI=1S/C4H10O/c1-3-4(2)5/h4-5H,3H2,1-2H3/t4-/m1/s1"
843,water,-20.45,1.06,C4H10O,"InChI=1S/C4H10O/c1-4(2,3)5/h5H,1-3H3"
843,hexane,-13.73,1.34,C4H10O,"InChI=1S/C4H10O/c1-4(2,3)5/h5H,1-3H3"
845,water,-21.82,1.18,C5H12O,"InChI=1S/C5H12O/c1-5(2)3-4-6/h5-6H,3-4H2,1-2H3"
846,water,-19.28,1.05,C5H12O,"InChI=1S/C5H12O/c1-3-4-5(2)6/h5-6H,3-4H2,1-2H3/t5-/m1/s1"
847,water,-15.86,1.22,C5H12O,"InChI=1S/C5H12O/c1-3-5(6)4-2/h5-6H,3-4H2,1-2H3"
848,water,-17.97,1.13,C5H12O,"InChI=1S/C5H12O/c1-4-5(2,3)6/h6H,4H2,1-3H3"
850,water,-16.19,0.92,C6H14O,"InChI=1S/C6H14O/c1-5(2)6(3,4)7/h5,7H,1-4H3"
851,water,-19.21,1.24,C6H14O,"InChI=1S/C6H14O/c1-3-5-6(7)4-2/h6-7H,3-5H2,1-2H3/t6-/m1/s1"
853,water,-14.6,1.16,C6H14O,"InChI=1S/C6H14O/c1-4-6(7)5(2)3/h5-7H,4H2,1-3H3/t6-/m0/s1"
854,water,-19.45,1.12,C6H14O,"InChI=1S/C6H14O/c1-4-5-6(2,3)7/h7H,4-5H2,1-3H3"
856,water,-21.49,1.38,C7H16O,"InChI=1S/C7H16O/c1-3-5-7(8)6-4-2/h7-8H,3-6H2,1-2H3"
860,water,-25.29,1.3,C6H12O,"InChI=1S/C6H12O/c7-6-4-2-1-3-5-6/h6-7H,1-5H2"
865,water,-22.91,0.73,C10H14O,"InChI=1S/C10H14O/c1-10(2,3)8-4-6-9(11)7-5-8/h4-7,11H,1-3H3"
867,water,-5.67,0.64,C4H10O,"InChI=1S/C4H10O/c1-3-5-4-2/h3-4H2,1-2H3"
867,hexane,-17.43,1.31,C4H10O,"InChI=1S/C4H10O/c1-3-5-4-2/h3-4H2,1-2H3"
868,water,-10.36,1.47,C4H10O,"InChI=1S/C4H10O/c1-3-4-5-2/h3-4H2,1-2H3"
870,water,-7.06,1.31,C5H12O,"InChI=1S/C5H12O/c1-3-5-6-4-2/h3-5H2,1-2H3"
871,water,-7.12,1.41,C5H12O,"InChI=1S/C5H12O/c1-5(2,3)6-4/h1-4H3"
873,water,-9.77,0.77,C6H14O,"InChI=1S/C6H14O/c1-3-5-7-6-4-2/h3-6H2,1-2H3"
874,water,-8.09,0.88,C6H14O,"InChI=1S/C6H14O/c1-5(2)7-6(3)4/h5-6H,1-4H3"
874,hexane,-20.2,1.15,C6H14O,"InChI=1S/C6H14O/c1-5(2)7-6(3)4/h5-6H,1-4H3"
875,water,-2.65,1.15,C8H18O,"InChI=1S/C8H18O/c1-3-5-7-9-8-6-4-2/h3-8H2,1-2H3"
876,water,-14.5,1.45,C4H8O,"InChI=1S/C4H8O/c1-2-4-5-3-1/h1-4H2"
876,hexane,-20.09,1.24,C4H8O,"InChI=1S/C4H8O/c1-2-4-5-3-1/h1-4H2"
878,water,-14.85,0.79,C5H10O,"InChI=1S/C5H10O/c1-2-4-6-5-3-1/h1-5H2"
878,hexane,-23.52,1.26,C5H10O,"InChI=1S/C5H10O/c1-2-4-6-5-3-1/h1-5H2"
879,water,-14.9,0.82,C5H10O,"InChI=1S/C5H10O/c1-5-3-2-4-6-5/h5H,2-4H2,1H3/t5-/m0/s1"
880,water,-13.6,0.84,C6H12O,"InChI=1S/C6H12O/c1-5-3-4-6(2)7-5/h5-6H,3-4H2,1-2H3/t5-,6-/m0/s1"
881,water,-13.43,0.88,C7H8O,"InChI=1S/C7H8O/c1-8-7-5-3-2-4-6-7/h2-6H,1H3"
881,hexane,-26.5,1.25,C7H8O,"InChI=1S/C7H8O/c1-8-7-5-3-2-4-6-7/h2-6H,1H3"
882,water,-12.25,0.59,C3H6O,"InChI=1S/C3H6O/c1-3(2)4/h1-2H3"
882,hexane,-10.6,1.1,C3H6O,"InChI=1S/C3H6O/c1-3(2)4/h1-2H3"
883,water,-9.88,0.55,C4H8O,"InChI=1S/C4H8O/c1-3-4(2)5/h3H2,1-2H3"
883,hexane,-12.91,1.17,C4H8O,"InChI=1S/C4H8O/c1-3-4(2)5/h3H2,1-2H3"
884,water,-10.72,1.14,C5H10O,"InChI=1S/C5H10O/c1-3-4-5(2)6/h3-4H2,1-2H3"
884,hexane,-15.26,1.14,C5H10O,"InChI=1S/C5H10O/c1-3-4-5(2)6/h3-4H2,1-2H3"
885,water,-7.38,0.67,C5H10O,"InChI=1S/C5H10O/c1-3-5(6)4-2/h3-4H2,1-2H3"
885,hexane,-15.84,1.32,C5H10O,"InChI=1S/C5H10O/c1-3-5(6)4-2/h3-4H2,1-2H3"
886,water,-7.8,1.48,C5H10O,"InChI=1S/C5H10O/c1-4(2)5(3)6/h4H,1-3H3"
887,water,-8.91,1.48,C6H12O,"InChI=1S/C6H12O/c1-3-4-5-6(2)7/h3-5H2,1-2H3"
887,hexane,-18.89,0.83,C6H12O,"InChI=1S/C6H12O/c1-3-4-5-6(2)7/h3-5H2,1-2H3"
889,water,-9.59,0.69,C7H14O,"InChI=1S/C7H14O/c1-3-4-5-6-7(2)8/h3-6H2,1-2H3"
889,hexane,-22.02,1.35,C7H14O,"InChI=1S/C7H14O/c1-3-4-5-6-7(2)8/h3-6H2,1-2H3"
890,water,-10.22,1.15,C7H14O,"InChI=1S/C7H14O/c1-3-5-7(8)6-4-2/h3-6H2,1-2H3"
890,hexane,-21.58,0.87,C7H14O,"InChI=1S/C7H14O/c1-3-5-7(8)6-4-2/h3-6H2,1-2H3"
891,water,-6.72,1.35,C7H14O,"InChI=1S/C7H14O/c1-5(2)7(8)6(3)4/h5-6H,1-4H3"
892,water,-9.71,1.12,C8H16O,"InChI=1S/C8H16O/c1-3-4-5-6-7-8(2)9/h3-7H2,1-2H3"
892,hexane,-25.22,1.36,C8H16O,"InChI=1S/C8H16O/c1-3-4-5-6-7-8(2)9/h3-7H2,1-2H3"
918,water,-8.56,1.28,C9H18O,"InChI=1S/C9H18O/c1-3-4-5-6-7-8-9(2)10/h3-8H2,1-2H3"
919,water,-8.68,1.42,C9H18O,"InChI=1S/C9H18O/c1-3-5-7-9(10)8-6-4-2/h3-8H2,1-2H3"
919,hexane,-26.87,0.92,C9H18O,"InChI=1S/C9H18O/c1-3-5-7-9(10)8-6-4-2/h3-8H2,1-2H3"
920,water,-9.11,1.47,C11H22O,"InChI=1S/C11H22O/c1-3-4-5-6-7-8-9-10-11(2)12/h3-10H2,1-2H3"
921,water,-20.53,1.34,C10H14O,"InChI=1S/C10H14O/c11-10-8-2-6-1-7(4-8)5-9(10)3-6/h6-9H,1-5H2/t6-,7+,8-,9+"
922,water,-11.45,0.6,C2H4O,"InChI=1S/C2H4O/c1-2-3/h2H,1H3"
922,hexane,-6.97,0.97,C2H4O,"InChI=1S/C2H4O/c1-2-3/h2H,1H3"
931,water,-17.38,0.95,C4H6O,"InChI=1S/C4H6O/c1-2-3-4-5/h2-4H,1H3/b3-2+"
932,water,-14.81,0.76,C6H10O,"InChI=1S/C6H10O/c1-2-3-4-5-6-7/h4-6H,2-3H2,1H3/b5-4+"
933,water,-16.02,1.48,C8H14O,"InChI=1S/C8H14O/c1-2-3-4-5-6-7-8-9/h6-8H,2-5H2,1H3/b7-6+"
934,water,-20.49,0.86,C6H8O,"InChI=1S/C6H8O/c1-2-3-4-5-6-7/h2-6H,1H3/b3-2+,5-4+"
935,water,-16.77,0.74,C7H6O,"InChI=1S/C7H6O/c8-6-7-4-2-1-3-5-7/h1-6H"
935,hexane,-23.59,1.3,C7H6O,"InChI=1S/C7H6O/c8-6-7-4-2-1-3-5-7/h1-6H"
936,water,-27.45,1.22,C4H8O2,"InChI=1S/C4H8O2/c1-2-3-4(5)6/h2-3H2,1H3,(H,5,6)"
936,hexane,-17.55,1.28,C4H8O2,"InChI=1S/C4H8O2/c1-2-3-4(5)6/h2-3H2,1H3,(H,5,6)"
939,water,-16.64,0.97,C3H6O2,"InChI=1S/C3H6O2/c1-3(4)5-2/h1-2H3"
939,hexane,-17.97,1.1,C3H6O2,"InChI=1S/C3H6O2/c1-3(4)5-2/h1-2H3"
942,water,-15.04,1.09,C4H8O2,"InChI=1S/C4H8O2/c1-3-6-4(2)5/h3H2,1-2H3"
942,hexane,-19.06,1.19,C4H8O2,"InChI=1S/C4H8O2/c1-3-6-4(2)5/h3H2,1-2H3"
943,water,-12.79,0.71,C4H8O2,"InChI=1S/C4H8O2/c1-3-4(5)6-2/h3H2,1-2H3"
943,hexane,-19.28,1.04,C4H8O2,"InChI=1S/C4H8O2/c1-3-4(5)6-2/h3H2,1-2H3"
945,water,-14.64,1.18,C5H10O2,"InChI=1S/C5H10O2/c1-3-4-7-5(2)6/h3-4H2,1-2H3"
945,hexane,-22.51,1.01,C5H10O2,"InChI=1S/C5H10O2/c1-3-4-7-5(2)6/h3-4H2,1-2H3"
946,water,-10.54,1.48,C5H10O2,"InChI=1S/C5H10O2/c1-4(2)7-5(3)6/h4H,1-3H3"
947,water,-13.61,0.84,C5H10O2,"InChI=1S/C5H10O2/c1-3-5(6)7-4-2/h3-4H2,1-2H3"
948,water,-14.57,0.8,C5H10O2,"InChI=1S/C5H10O2/c1-3-4-5(6)7-2/h3-4H2,1-2H3"
948,hexane,-22.77,0.96,C5H10O2,"InChI=1S/C5H10O2/c1-3-4-5(6)7-2/h3-4H2,1-2H3"
950,water,-13.85,0.88,C6H12O2,"InChI=1S/C6H12O2/c1-3-4-5-8-6(2)7/h3-5H2,1-2H3"
950,hexane,-25.25,1.15,C6H12O2,"InChI=1S/C6H12O2/c1-3-4-5-8-6(2)7/h3-5H2,1-2H3"
952,water,-12.68,0.94,C6H12O2,"InChI=1S/C6H12O2/c1-3-5-8-6(7)4-2/h3-5H2,1-2H3"
953,water,-9.97,0.77,C6H12O2,"InChI=1S/C6H12O2/c1-4-6(7)8-5(2)3/h5H,4H2,1-3H3"
954,water,-13.1,0.9,C6H12O2,"InChI=1S/C6H12O2/c1-3-5-6(7)8-4-2/h3-5H2,1-2H3"
955,water,-13.1,1.01,C6H12O2,"InChI=1S/C6H12O2/c1-3-4-5-6(7)8-2/h3-5H2,1-2H3"
955,hexane,-25.51,1.35,C6H12O2,"InChI=1S/C6H12O2/c1-3-4-5-6(7)8-2/h3-5H2,1-2H3"
956,water,-10.92,1.03,C7H14O2,"InChI=1S/C7H14O2/c1-3-4-5-6-9-7(2)8/h3-6H2,1-2H3"
956,hexane,-28.64,1.27,C7H14O2,"InChI=1S/C7H14O2/c1-3-4-5-6-9-7(2)8/h3-6H2,1-2H3"
957,water,-12.3,1.04,C7H14O2,"InChI=1S/C7H14O2/c1-6(2)4-5-9-7(3)8/h6H,4-5H2,1-3H3"
958,water,-12.91,0.96,C7H14O2,"InChI=1S/C7H14O2/c1-3-5-7(8)9-6-4-2/h3-6H2,1-2H3"
959,water,-12.02,1.02,C7H14O2,"InChI=1S/C7H14O2/c1-3-5-6-7(8)9-4-2/h3-6H2,1-2H3"
960,water,-11.36,1.04,C7H14O2,"InChI=1S/C7H14O2/c1-3-4-5-6-7(8)9-2/h3-6H2,1-2H3"
960,hexane,-29.78,0.89,C7H14O2,"InChI=1S/C7H14O2/c1-3-4-5-6-7(8)9-2/h3-6H2,1-2H3"
961,water,-12.96,1.24,C8H16O2,"InChI=1S/C8H16O2/c1-3-4-5-6-7-10-8(2)9/h3-7H2,1-2H3"
962,water,-11.66,1.17,C8H16O2,"InChI=1S/C8H16O2/c1-3-5-6-7-10-8(9)4-2/h3-7H2,1-2H3"
963,water,-11.98,1.14,C9H18O2,"InChI=1S/C9H18O2/c1-3-5-6-7-8-9(10)11-4-2/h3-8H2,1-2H3"
964,water,-11.2,1.29,C9H18O2,"InChI=1S/C9H18O2/c1-3-4-5-6-7-8-9(10)11-2/h3-8H2,1-2H3"
965,water,-20.88,0.96,C8H8O2,"InChI=1S/C8H8O2/c1-10-8(9)7-5-3-2-4-6-7/h2-6H,1H3"
965,hexane,-31.03,0.77,C8H8O2,"InChI=1S/C8H8O2/c1-10-8(9)7-5-3-2-4-6-7/h2-6H,1H3"
966,water,-16.82,1.16,CH5N,"InChI=1S/CH5N/c1-2/h2H2,1H3"
971,water,-15.31,0.56,C2H7N,"InChI=1S/C2H7N/c1-3-2/h3H,1-2H3"
971,hexane,-13.61,0.97,C2H7N,"InChI=1S/C2H7N/c1-3-2/h3H,1-2H3"
972,water,-10.37,0.61,C4H11N,"InChI=1S/C4H11N/c1-3-5-4-2/h5H,3-4H2,1-2H3"
972,hexane,-16.67,1.31,C4H11N,"InChI=1S/C4H11N/c1-3-5-4-2/h5H,3-4H2,1-2H3"
973,water,-10.09,0.98,C6H15N,"InChI=1S/C6H15N/c1-3-5-7-6-4-2/h7H,3-6H2,1-2H3"
973,hexane,-24.19,1.29,C6H15N,"InChI=1S/C6H15N/c1-3-5-7-6-4-2/h7H,3-6H2,1-2H3"
974,water,-6.81,1.19,C8H19N,"InChI=1S/C8H19N/c1-3-5-7-9-8-6-4-2/h9H,3-8H2,1-2H3"
976,water,-26.13,0.6,C2H5N,"InChI=1S/C2H5N/c1-2-3-1/h3H,1-2H2"
977,water,-17.45,0.7,C3H7N,"InChI=1S/C3H7N/c1-2-4-3-1/h4H,1-3H2"
978,water,-16.73,0.65,C6H13N,"InChI=1S/C6H13N/c1-2-4-6-7-5-3-1/h7H,1-6H2"
979,water,-11.84,0.97,C7H15N,"InChI=1S/C7H15N/c1-2-4-6-8-7-5-3-1/h8H,1-7H2"
982,water,-15.81,0.78,C3H9N,"InChI=1S/C3H9N/c1-4(2)3/h1-3H3"
982,hexane,-21.73,1.38,C3H9N,"InChI=1S/C3H9N/c1-4(2)3/h1-3H3"
983,water,-2.43,0.73,C6H15N,"InChI=1S/C6H15N/c1-4-7(5-2)6-3/h4-6H2,1-3H3"
984,water,-9.98,0.86,C5H11N,"InChI=1S/C5H11N/c1-6-4-2-3-5-6/h2-5H2,1H3"
985,water,-9.98,0.88,C6H13N,"InChI=1S/C6H13N/c1-7-5-3-2-4-6-7/h2-6H2,1H3"
987,water,-27.44,1.23,C4H5N,"InChI=1S/C4H5N/c1-2-4-5-3-1/h1-5H"
987,hexane,-16.0,1.29,C4H5N,"InChI=1S/C4H5N/c1-2-4-5-3-1/h1-5H"
988,water,-25.25,0.84,C5H7N,"InChI=1S/C5H7N/c1-6-4-2-3-5-6/h2-5H,1H3"
989,water,-17.91,0.57,C5H5N,"InChI=1S/C5H6N/c1-2-4-6-5-3-1/h1-2,4-5H,3H2"
989,hexane,-19.09,1.3,C5H5N,"InChI=1S/C5H6N/c1-2-4-6-5-3-1/h1-2,4-5H,3H2"
990,water,-18.16,0.69,C6H7N,"InChI=1S/C6H8N/c1-6-4-2-3-5-7-6/h2-3,5H,4H2,1H3"
990,hexane,-23.42,1.17,C6H7N,"InChI=1S/C6H8N/c1-6-4-2-3-5-7-6/h2-3,5H,4H2,1H3"
991,water,-18.11,0.92,C6H7N,"InChI=1S/C6H8N/c1-6-3-2-4-7-5-6/h2-6H,1H3"
991,hexane,-22.09,0.67,C6H7N,"InChI=1S/C6H8N/c1-6-3-2-4-7-5-6/h2-6H,1H3"
992,water,-20.07,0.88,C6H7N,"InChI=1S/C6H8N/c1-6-2-4-7-5-3-6/h2,4-5H,3H2,1H3"
992,hexane,-23.18,1.23,C6H7N,"InChI=1S/C6H8N/c1-6-2-4-7-5-3-6/h2,4-5H,3H2,1H3"
994,water,-17.81,0.89,C7H9N,"InChI=1S/C7H10N/c1-2-7-4-3-5-8-6-7/h3-7H,2H2,1H3"
995,water,-17.59,0.67,C7H9N,"InChI=1S/C7H10N/c1-2-7-3-5-8-6-4-7/h3,5-6H,2,4H2,1H3"
995,hexane,-24.8,0.75,C7H9N,"InChI=1S/C7H10N/c1-2-7-3-5-8-6-4-7/h3,5-6H,2,4H2,1H3"
996,water,-18.88,0.85,C7H9N,"InChI=1S/C7H10N/c1-6-4-3-5-8-7(6)2/h3-6H,1-2H3"
997,water,-17.13,1.02,C7H9N,"InChI=1S/C7H10N/c1-6-3-4-8-7(2)5-6/h3-4H,5H2,1-2H3"
997,hexane,-25.36,0.6,C7H9N,"InChI=1S/C7H10N/c1-6-3-4-8-7(2)5-6/h3-4H,5H2,1-2H3"
998,water,-21.62,0.91,C7H9N,"InChI=1S/C7H10N/c1-6-3-4-7(2)8-5-6/h3-6H,1-2H3"
998,hexane,-28.16,1.49,C7H9N,"InChI=1S/C7H10N/c1-6-3-4-7(2)8-5-6/h3-6H,1-2H3"
999,water,-17.23,0.85,C7H9N,"InChI=1S/C7H10N/c1-6-4-3-5-7(2)8-6/h3-4H,5H2,1-2H3"
999,hexane,-25.4,1.41,C7H9N,"InChI=1S/C7H10N/c1-6-4-3-5-7(2)8-6/h3-4H,5H2,1-2H3"
1000,water,-21.13,0.72,C7H9N,"InChI=1S/C7H10N/c1-6-3-4-8-5-7(6)2/h3-5,7H,1-2H3"
1000,hexane,-24.41,1.38,C7H9N,"InChI=1S/C7H10N/c1-6-3-4-8-5-7(6)2/h3-5,7H,1-2H3"
1001,water,-18.49,0.83,C7H9N,"InChI=1S/C7H10N/c1-6-3-7(2)5-8-4-6/h3-6H,1-2H3"
1001,hexane,-25.12,0.72,C7H9N,"InChI=1S/C7H10N/c1-6-3-7(2)5-8-4-6/h3-6H,1-2H3"
1002,water,-15.94,0.88,C9H13N,"InChI=1S/C9H14N/c1-9(2,3)8-4-6-10-7-5-8/h4,6-7H,5H2,1-3H3"
1003,water,5.37,0.74,C13H21N,"InChI=1S/C13H22N/c1-12(2,3)10-8-7-9-11(14-10)13(4,5)6/h7-8H,9H2,1-6H3"
1004,water,-27.3,1.17,C2H3N,"InChI=1S/C2H3N/c1-2-3/h1H3"
1004,hexane,-10.83,0.88,C2H3N,"InChI=1S/C2H3N/c1-2-3/h1H3"
1005,water,-22.47,1.11,C3H5N,"InChI=1S/C3H5N/c1-2-3-4/h2H2,1H3"
1005,hexane,-12.08,1.22,C3H5N,"InChI=1S/C3H5N/c1-2-3-4/h2H2,1H3"
1006,water,-23.17,1.2,C4H7N,"InChI=1S/C4H7N/c1-2-3-4-5/h2-3H2,1H3"
1006,hexane,-15.59,1.31,C4H7N,"InChI=1S/C4H7N/c1-2-3-4-5/h2-3H2,1H3"
1007,water,-35.42,0.9,C3H7NO,"InChI=1/C3H7NO/c1-3(5)4-2/h1-2H3,(H,4,5)/f/h4H"
1008,water,-37.9,1.2,C4H9NO,"InChI=1S/C4H9NO/c1-4(6)5(2)3/h1-3H3"
1008,hexane,-25.56,0.93,C4H9NO,"InChI=1S/C4H9NO/c1-4(6)5(2)3/h1-3H3"
1009,water,-32.42,1.41,C6H13NO,"InChI=1S/C6H13NO/c1-3-4-5-7-6(2)8/h3-5H2,1-2H3,(H,7,8)"
1010,water,-40.76,0.87,C6H11NO,"InChI=1S/C6H11NO/c1-6(8)7-4-2-3-5-7/h2-5H2,1H3"
1011,water,-58.27,1.67,C2H7N3,"InChI=1S/C2H7N3/c1-5-2(3)4/h1H3,(H4,3,4,5)"
1012,water,-19.98,1.47,C2H5NO2,"InChI=1S/C2H5NO2/c1-2-3(4)5/h2H2,1H3"
1012,hexane,-18.31,1.26,C2H5NO2,"InChI=1S/C2H5NO2/c1-2-3(4)5/h2H2,1H3"
1013,water,-18.01,1.29,C3H7NO2,"InChI=1S/C3H7NO2/c1-2-3-4(5)6/h2-3H2,1H3"
1013,hexane,-20.47,1.19,C3H7NO2,"InChI=1S/C3H7NO2/c1-2-3-4(5)6/h2-3H2,1H3"
1014,water,-18.04,0.66,C3H7NO2,"InChI=1S/C3H7NO2/c1-3(2)4(5)6/h3H,1-2H3"
1014,hexane,-20.64,1.05,C3H7NO2,"InChI=1S/C3H7NO2/c1-3(2)4(5)6/h3H,1-2H3"
1015,water,-24.57,0.86,C6H5NO2,"InChI=1S/C6H5NO2/c8-7(9)6-4-2-1-3-5-6/h1-5H"
1015,hexane,-28.87,1.45,C6H5NO2,"InChI=1S/C6H5NO2/c8-7(9)6-4-2-1-3-5-6/h1-5H"
1016,water,-22.29,1.14,C7H7NO2,"InChI=1S/C7H7NO2/c1-6-4-2-3-5-7(6)8(9)10/h2-5H,1H3"
1016,hexane,-31.2,0.85,C7H7NO2,"InChI=1S/C7H7NO2/c1-6-4-2-3-5-7(6)8(9)10/h2-5H,1H3"
1017,water,-23.52,1.03,C7H7NO2,"InChI=1S/C7H7NO2/c1-6-3-2-4-7(5-6)8(9)10/h2-5H,1H3"
1020,water,-22.65,0.46,C3H8O2,"InChI=1S/C3H8O2/c1-4-3-5-2/h3H2,1-2H3"
1021,water,-20.03,0.43,C4H10O2,"InChI=1S/C4H10O2/c1-5-3-4-6-2/h3-4H2,1-2H3"
1021,hexane,-27.01,1.31,C4H10O2,"InChI=1S/C4H10O2/c1-5-3-4-6-2/h3-4H2,1-2H3"
1024,water,-22.33,0.68,C3H6O2,"InChI=1S/C3H6O2/c1-2-5-3-4-1/h1-3H2"
1025,water,-25.96,0.36,C4H8O2,"InChI=1S/C4H8O2/c1-2-6-4-3-5-1/h1-4H2"
1025,hexane,-27.21,1.27,C4H8O2,"InChI=1S/C4H8O2/c1-2-6-4-3-5-1/h1-4H2"
1026,water,-42.36,1.31,C2H8N2,"InChI=1S/C2H8N2/c3-1-2-4/h1-4H2"
1027,water,-41.69,0.73,C4H10N2,"InChI=1S/C4H10N2/c1-2-6-4-3-5-1/h5-6H,1-4H2"
1028,water,-35.63,1.35,C5H12N2,"InChI=1S/C5H12N2/c1-7-4-2-6-3-5-7/h6H,2-5H2,1H3"
1029,water,-31.32,1.13,C6H14N2,"InChI=1S/C6H14N2/c1-7-3-5-8(2)6-4-7/h3-6H2,1-2H3"
1030,water,-21.71,0.96,C5H6N2,"InChI=1S/C5H6N2/c1-5-4-6-2-3-7-5/h2-4H,1H3"
1030,hexane,-25.31,1.5,C5H6N2,"InChI=1S/C5H6N2/c1-5-4-6-2-3-7-5/h2-4H,1H3"
1032,water,-18.44,1.24,C8H12N2,"InChI=1S/C8H12N2/c1-7(2)5-8-6-9-3-4-10-8/h3-4,6-7H,5H2,1-2H3"
1033,water,-19.19,1.03,C7H10N2O,"InChI=1S/C7H10N2O/c1-3-6-7(10-2)9-5-4-8-6/h4-5H,3H2,1-2H3"
1036,water,-26.71,1.36,C4H10O2,"InChI=1S/C4H10O2/c1-2-6-4-3-5/h5H,2-4H2,1H3"
1037,water,-26.2,1.11,C5H12O2,"InChI=1S/C5H12O2/c1-2-4-7-5-3-6/h6H,2-5H2,1H3"
1038,water,-25.51,1.21,C6H14O2,"InChI=1S/C6H14O2/c1-2-3-5-8-6-4-7/h7H,2-6H2,1H3"
1040,water,-29.87,1.07,C4H11NO,"InChI=1S/C4H11NO/c1-6-4-2-3-5/h2-5H2,1H3"
1042,water,-45.53,1.42,C6H7NO,"InChI=1S/C6H7NO/c1-7-5-3-2-4-6(7)8/h2-5H,1H3"
1043,water,-33.32,1.02,C4H9NO,"InChI=1S/C4H9NO/c1-3-6-4-2-5-1/h5H,1-4H2"
1044,water,-29.36,0.98,C5H11NO,"InChI=1S/C5H11NO/c1-6-2-4-7-5-3-6/h2-5H2,1H3"
1045,water,-17.18,0.93,C6H4O2,"InChI=1S/C6H4O2/c7-5-1-2-6(8)4-3-5/h1-4H"
1046,water,-28.82,0.91,C6H5NO3,"InChI=1S/C6H5NO3/c8-6-4-2-1-3-5(6)7(9)10/h1-4,8H"
1053,water,-10.82,1.28,C2H6S,"InChI=1S/C2H6S/c1-2-3/h3H,2H2,1H3"
1053,hexane,-12.1,1.2,C2H6S,"InChI=1S/C2H6S/c1-2-3/h3H,2H2,1H3"
1056,water,-7.83,0.95,C4H10S,"InChI=1S/C4H10S/c1-3-5-4-2/h3-4H2,1-2H3"
1056,hexane,-17.21,0.7,C4H10S,"InChI=1S/C4H10S/c1-3-5-4-2/h3-4H2,1-2H3"
1057,water,-12.34,1.29,C7H8S,"InChI=1S/C7H8S/c1-8-7-5-3-2-4-6-7/h2-6H,1H3"
1057,hexane,-27.27,1.49,C7H8S,"InChI=1S/C7H8S/c1-8-7-5-3-2-4-6-7/h2-6H,1H3"
1058,water,13.52,1.33,C9H20,"InChI=1S/C9H20/c1-8(2)6-7-9(3,4)5/h8H,6-7H2,1-5H3"
1061,water,-26.95,0.97,C6H6O,"InChI=1S/C6H6O/c7-6-4-2-1-3-5-6/h1-5,7H"
1061,hexane,-19.65,1.01,C6H6O,"InChI=1S/C6H6O/c7-6-4-2-1-3-5-6/h1-5,7H"
1078,water,1.76,0.7,C2H2,"InChI=1S/C2H2/c1-2/h1-2H"
1078,hexane,-0.21,0.66,C2H2,"InChI=1S/C2H2/c1-2/h1-2H"
1081,water,-32.31,0.82,C5H6N2,"InChI=1S/C5H7N2/c6-5-3-1-2-4-7-5/h1,3-4H,2,6H2"
1088,water,-16.61,1.39,C6H6S,"InChI=1S/C6H6S/c7-6-4-2-1-3-5-6/h1-5,7H"
1088,hexane,-23.73,1.36,C6H6S,"InChI=1S/C6H6S/c7-6-4-2-1-3-5-6/h1-5,7H"
1151,water,-9.75,0.74,C4H4S,"InChI=1S/C4H4S/c1-2-4-5-3-1/h1-4H"
1151,hexane,-19.07,1.4,C4H4S,"InChI=1S/C4H4S/c1-2-4-5-3-1/h1-4H"
1160,water,-6.68,0.77,CH2O,"InChI=1S/CH2O/c1-2/h1H2"
1160,hexane,-4.64,0.61,CH2O,"InChI=1S/CH2O/c1-2/h1H2"
1173,water,-6.36,1.39,C2H4Cl2,"InChI=1S/C2H4Cl2/c1-2(3)4/h2H,1H3"
1174,water,1.08,1.2,C2H2Cl2,"InChI=1S/C2H2Cl2/c1-2(3)4/h1H2"
1175,water,1.99,0.51,C2H4F2,"InChI=1S/C2H4F2/c1-2(3)4/h2H,1H3"
1176,water,-12.3,0.44,C2H4Br2,"InChI=1S/C2H4Br2/c3-1-2-4/h1-2H2"
1177,water,-5.36,0.98,C6H4Cl2,"InChI=1S/C6H4Cl2/c7-5-3-1-2-4-6(5)8/h1-4H"
1177,hexane,-27.57,1.35,C6H4Cl2,"InChI=1S/C6H4Cl2/c7-5-3-1-2-4-6(5)8/h1-4H"
1178,water,-3.3,0.97,C6H4Cl2,"InChI=1S/C6H4Cl2/c7-5-1-2-6(8)4-3-5/h1-4H"
1178,hexane,-27.12,1.32,C6H4Cl2,"InChI=1S/C6H4Cl2/c7-5-1-2-6(8)4-3-5/h1-4H"
1179,water,-9.85,0.99,C2H4BrCl,"InChI=1S/C2H4BrCl/c3-1-2-4/h1-2H2"
1180,water,-5.25,0.93,C4H9Br,"InChI=1S/C4H9Br/c1-2-3-4-5/h2-4H2,1H3"
1180,hexane,-23.88,1.46,C4H9Br,"InChI=1S/C4H9Br/c1-2-3-4-5/h2-4H2,1H3"
1181,water,-18.8,1.05,C6H6ClN,"InChI=1S/C6H6ClN/c7-5-3-1-2-4-6(5)8/h1-4H,8H2"
1183,water,-2.67,1.09,C7H7Cl,"InChI=1S/C7H7Cl/c1-6-4-2-3-5-7(6)8/h2-5H,1H3"
1186,water,-15.03,1.44,C5H4ClN,"InChI=1S/C5H5ClN/c6-5-2-1-3-7-4-5/h1-5H"
1187,water,-33.7,0.79,C6H4N2,"InChI=1S/C6H5N2/c7-4-6-2-1-3-8-5-6/h1-3,5-6H"
1189,water,-26.54,1.13,C6H5ClO,"InChI=1S/C6H5ClO/c7-5-1-3-6(8)4-2-5/h1-4,8H"
1192,water,-23.45,1.27,C8H11N,"InChI=1S/C8H11N/c1-9(2)8-6-4-3-5-7-8/h3-7H,1-2H3"
1193,water,-44.39,1.3,C9H11NO,"InChI=1S/C9H11NO/c1-10(2)9(11)8-6-4-3-5-7-8/h3-7H,1-2H3"
1194,water,2.81,0.96,C7H5F3,"InChI=1S/C7H5F3/c8-7(9,10)6-4-2-1-3-5-6/h1-5H"
1196,water,-5.44,1.02,C2H5Cl,"InChI=1S/C2H5Cl/c1-2-3/h2H2,1H3"
1196,hexane,-11.43,0.98,C2H5Cl,"InChI=1S/C2H5Cl/c1-2-3/h2H2,1H3"
1199,water,-30.9,1.16,C7H12O4,"InChI=1S/C7H12O4/c1-3-10-6(8)5-7(9)11-4-2/h3-5H2,1-2H3"
1201,water,-40.8,0.85,C2H6O2S,"InChI=1S/C2H6O2S/c1-5(2,3)4/h1-2H3"
1202,water,-34.14,0.74,C2H6OS,"InChI=1S/C2H6OS/c1-4(2)3/h1-2H3"
1204,water,-0.2,0.35,CH3F,"InChI=1S/CH3F/c1-2/h1H3"
1206,water,-28.78,0.87,H4N2,"InChI=1S/H4N2/c1-2/h1-2H2"
1208,water,-9.19,0.73,C6H4Br2,"InChI=1S/C6H4Br2/c7-5-1-2-6(8)4-3-5/h1-4H"
1208,hexane,-40.94,0.93,C6H4Br2,"InChI=1S/C6H4Br2/c7-5-1-2-6(8)4-3-5/h1-4H"
1210,water,-21.99,0.6,C9H7N,"InChI=1S/C9H8N/c1-2-6-9-8(4-1)5-3-7-10-9/h1-8H"
1210,hexane,-32.19,1.39,C9H7N,"InChI=1S/C9H8N/c1-2-6-9-8(4-1)5-3-7-10-9/h1-8H"
1211,water,3.73,0.92,C2HBrF4,"InChI=1S/C2HBrF4/c3-1(4)2(5,6)7/h1H/t1-/m1/s1"
1211,hexane,-24.18,1.42,C2HBrF4,"InChI=1S/C2HBrF4/c3-1(4)2(5,6)7/h1H/t1-/m1/s1"
1212,water,-44.01,1.46,C9H14O6,"InChI=1S/C9H14O6/c1-6(10)13-4-9(15-8(3)12)5-14-7(2)11/h9H,4-5H2,1-3H3"
1254,water,-26.44,0.64,C10H8O,"InChI=1S/C10H8O/c11-10-7-3-5-8-4-1-2-6-9(8)10/h1-7,11H"
1255,water,-12.95,0.82,C6H5ClO,"InChI=1S/C6H5ClO/c7-5-3-1-2-4-6(5)8/h1-4,8H"
1256,water,-15.04,0.87,C6H5FO,"InChI=1S/C6H5FO/c7-5-3-1-2-4-6(5)8/h1-4,8H"
1257,water,-48.79,1.46,C6H6N2O2,"InChI=1S/C6H6N2O2/c7-5-3-1-2-4-6(5)8(9)10/h1-4H,7H2"
1258,water,-21.66,1.35,C6H6ClN,"InChI=1S/C6H6ClN/c7-5-1-3-6(8)4-2-5/h1-4H,8H2"
1259,water,-50.13,1.24,C7H5NO,"InChI=1S/C7H5NO/c8-5-6-1-3-7(9)4-2-6/h1-4,9H"
1260,water,-30.95,0.91,C6H4N2,"InChI=1S/C6H5N2/c7-5-6-1-3-8-4-2-6/h1,3-4H,2H2"
1262,water,-23.15,1.04,C7H5N,"InChI=1S/C7H5N/c8-6-7-4-2-1-3-5-7/h1-5H"
1262,hexane,-22.69,1.35,C7H5N,"InChI=1S/C7H5N/c8-6-7-4-2-1-3-5-7/h1-5H"
1263,water,-27.77,1.28,C2H6O4S,"InChI=1S/C2H6O4S/c1-5-7(3,4)6-2/h1-2H3"
1266,water,-3.32,0.91,C8H8,"InChI=1S/C8H8/c1-2-8-6-4-3-5-7-8/h2-7H,1H2"
1269,water,-0.73,0.44,C6H5F,"InChI=1S/C6H5F/c7-6-4-2-1-3-5-6/h1-5H"
1269,hexane,-19.3,1.39,C6H5F,"InChI=1S/C6H5F/c7-6-4-2-1-3-5-6/h1-5H"
1307,water,-3.74,1.36,CHCl3,"InChI=1S/CHCl3/c2-1(3)4/h1H"
1307,hexane,-19.0,1.25,CHCl3,"InChI=1S/CHCl3/c2-1(3)4/h1H"
1395,water,-8.74,0.72,H3N,"InChI=1S/H3N/h1H3"
1395,hexane,2.39,0.41,H3N,"InChI=1S/H3N/h1H3"
1527,water,-50.24,1.1,C4H11N3,"InChI=1S/C4H12N3/c1-2-3-7-4(5)6/h7H,2-3,5-6H2,1H3"
1527,hexane,-24.43,0.67,C4H11N3,"InChI=1S/C4H12N3/c1-2-3-7-4(5)6/h7H,2-3,5-6H2,1H3"
1629,water,6.79,1.12,C8H4F6,"InChI=1S/C8H4F6/c9-7(10,11)5-2-1-3-6(4-5)8(12,13)14/h1-4H"
1630,water,-52.34,1.17,C10H13NO2,"InChI=1S/C10H13NO2/c1-11(2)10(12)8-4-6-9(13-3)7-5-8/h4-7H,1-3H3"
1631,water,-42.78,1.16,C10H13NO,"InChI=1S/C10H13NO/c1-8-4-6-9(7-5-8)10(12)11(2)3/h4-7H,1-3H3"
1633,water,-24.1,0.98,C6H10O4,"InChI=1S/C6H10O4/c1-4(7)9-6(3)10-5(2)8/h6H,1-3H3"
1634,water,-19.29,1.44,C4H8Cl2O,"InChI=1S/C4H8Cl2O/c5-1-3-7-4-2-6/h1-4H2"
1637,water,-19.01,0.97,C7H6O2,"InChI=1S/C7H6O2/c8-6-9-7-4-2-1-3-5-7/h1-6H"
1741,water,-108.84,1.03,C15H16N4O5S,"InChI=1S/C15H17N4O5S/c1-9-8-10(2)17-14(16-9)18-15(21)19-25(22,23)12-7-5-4-6-11(12)13(20)24-3/h4-7H,8H2,1-3H3,(H2,18,19,21)"
1848,water,-52.71,1.2,C4H4N2O2,"InChI=1S/C4H4N2O2/c7-3-1-2-5-4(8)6-3/h1-2H,(H2,5,6,7,8)"
1850,water,-56.33,1.34,C4H3ClN2O2,"InChI=1S/C4H3ClN2O2/c5-2-1-6-4(9)7-3(2)8/h1H,(H2,6,7,8,9)"
1851,water,-53.71,1.0,C4H3FN2O2,"InChI=1S/C4H3FN2O2/c5-2-1-6-4(9)7-3(2)8/h1H,(H2,6,7,8,9)"
1851,hexane,-24.29,1.02,C4H3FN2O2,"InChI=1S/C4H3FN2O2/c5-2-1-6-4(9)7-3(2)8/h1H,(H2,6,7,8,9)"
1853,water,-56.08,1.1,C5H3F3N2O2,"InChI=1S/C5H3F3N2O2/c6-5(7,8)2-1-9-4(12)10-3(2)11/h1H,(H2,9,10,11,12)"
1854,water,-45.69,1.28,C4H3ClN2O2,"InChI=1S/C4H3ClN2O2/c5-2-1-3(8)7-4(9)6-2/h1H,(H2,6,7,8,9)"
1855,water,-58.53,0.81,C3H3N3O3,"InChI=1S/C3H3N3O3/c7-1-4-2(8)6-3(9)5-1/h(H3,4,5,6,7,8,9)"
1856,water,-70.21,1.19,C8H10N4O2,"InChI=1S/C8H11N4O2/c1-10-4-9-6-5(10)7(13)12(3)8(14)11(6)2/h4-5H,1-3H3"
1861,water,-50.41,1.12,C9H8O4,"InChI=1S/C9H8O4/c1-6(10)13-8-5-3-2-4-7(8)9(11)12/h2-5H,1H3,(H,11,12)"
1862,water,-43.51,1.05,C13H8F2O3,"InChI=1S/C13H8F2O3/c14-8-2-3-9(11(15)6-8)7-1-4-12(16)10(5-7)13(17)18/h1-6,16H,(H,17,18)"
1863,water,-48.69,1.28,C14H14O3,"InChI=1S/C14H14O3/c1-9(14(15)16)10-3-4-12-8-13(17-2)6-5-11(12)7-10/h3-9H,1-2H3,(H,15,16)/t9-/m0/s1"
1864,water,-33.73,0.93,C8H5NO2,"InChI=1S/C8H5NO2/c10-7-5-3-1-2-4-6(5)8(11)9-7/h1-4H,(H,9,10,11)"
1866,water,-42.47,0.82,C4H8O2S,"InChI=1S/C4H8O2S/c5-7(6)3-1-2-4-7/h1-4H2"
1867,water,-2.93,1.37,C6Cl6,"InChI=1S/C6Cl6/c7-1-2(8)4(10)6(12)5(11)3(1)9"
1868,water,-1.43,0.86,C2Cl6,"InChI=1S/C2Cl6/c3-1(4,5)2(6,7)8"
1874,water,-29.43,1.15,C13H18O2,"InChI=1S/C13H18O2/c1-9(2)8-11-4-6-12(7-5-11)10(3)13(14)15/h4-7,9-10H,8H2,1-3H3,(H,14,15)/t10-/m1/s1"
1877,water,-12.31,1.44,C6Cl5NO2,"InChI=1S/C6Cl5NO2/c7-1-2(8)4(10)6(12(13)14)5(11)3(1)9"
1910,water,-13.47,1.31,C4H9NO3,"InChI=1S/C4H9NO3/c1-2-3-4-8-5(6)7/h2-4H2,1H3"
1911,water,-10.09,1.22,C4H9NO3,"InChI=1S/C4H9NO3/c1-3-4(2)8-5(6)7/h4H,3H2,1-2H3/t4-/m1/s1"
1913,water,-37.89,1.17,C2H5NO4,"InChI=1S/C2H5NO4/c4-1-2-7-3(5)6/h4H,1-2H2"
1915,water,-61.82,1.49,C9H17N5S,"InChI=1S/C9H17N5S/c1-5-10-7-12-8(11-6(2)3)14-9(13-7)15-4/h6,10-11H,5H2,1-4H3"
1917,water,-35.43,1.33,C13H16F3N3O4,"InChI=1S/C13H16F3N3O4/c1-3-5-6-17(4-2)12-10(18(20)21)7-9(13(14,15)16)8-11(12)19(22)23/h7-8H,3-6H2,1-2H3"
1918,water,-58.88,0.84,C9H13BrN2O2,"InChI=1S/C9H13BrN2O2/c1-4-5(2)12-8(13)7(10)6(3)11-9(12)14/h5H,4H2,1-3H3,(H,11,14)/t5-/m1/s1"
1919,water,-36.41,1.49,C9H8Cl3NO2S,"InChI=1S/C9H8Cl3NO2S/c10-9(11,12)16-13-7(14)5-3-1-2-4-6(5)8(13)15/h1-2,5-6H,3-4H2/t5-,6-/m1/s1"
1920,water,-41.67,1.08,C12H11NO2,"InChI=1S/C12H11NO2/c1-13-12(14)15-11-8-4-6-9-5-2-3-7-10(9)11/h2-8H,1H3,(H,13,14)"
1922,water,-23.03,0.72,C10H6Cl8,"InChI=1S/C10H6Cl8/c11-3-1-2-4(5(3)12)9(16)7(14)6(13)8(2,15)10(9,17)18/h2-5H,1H2/t2-,3+,4-,5-,8+,9-/m0/s1"
1925,water,-7.51,1.01,CCl3NO2,"InChI=1S/CCl3NO2/c2-1(3,4)5(6)7"
1928,water,-43.7,1.21,C8H6Cl2O3,"InChI=1S/C8H6Cl2O3/c1-13-7-5(10)3-2-4(9)6(7)8(11)12/h2-3H,1H3,(H,11,12)"
1929,water,-27.01,1.27,C7H3Cl2N,"InChI=1S/C7H3Cl2N/c8-6-2-1-3-7(9)5(6)4-10/h1-3H"
1931,water,-24.63,1.16,C9H6Cl6O3S,"InChI=1S/C9H6Cl6O3S/c10-5-6(11)8(13)4-2-18-19(16)17-1-3(4)7(5,12)9(8,14)15/h3-4H,1-2H2/t3-,4+,7+,8-,19+"
1932,water,-24.24,1.49,C12H8Cl6O,"InChI=1S/C12H8Cl6O/c13-8-9(14)11(16)5-3-1-2(6-7(3)19-6)4(5)10(8,15)12(11,17)18/h2-7H,1H2/t2-,3+,4+,5-,6+,7-,10-,11+"
1933,water,-13.59,1.42,C10H5Cl7,"InChI=1S/C10H5Cl7/c11-4-2-1-3-5(4)9(15)7(13)6(12)8(3,14)10(9,16)17/h1-5H/t3-,4-,5-,8-,9+/m0/s1"
1934,water,-22.41,1.27,C9H14O,"InChI=1S/C9H14O/c1-7-4-8(10)6-9(2,3)5-7/h4H,5-6H2,1-3H3"
1938,water,-64.53,1.35,C13H19N3O6S,"InChI=1S/C13H19N3O6S/c1-4-6-14(7-5-2)13-11(15(17)18)8-10(23(3,21)22)9-12(13)16(19)20/h8-9H,4-7H2,1-3H3"
1939,water,-24.29,0.87,C3H5NO4,"InChI=1S/C3H5NO4/c1-3(5)2-8-4(6)7/h2H2,1H3"
1940,water,-74.12,1.41,C7H13N3O3S,"InChI=1S/C7H13N3O3S/c1-8-7(12)13-9-5(14-4)6(11)10(2)3/h1-4H3,(H,8,12)/b9-5-"
1941,water,-51.46,1.12,C10H14NO5PS,"InChI=1S/C10H16NO5PS/c1-3-14-17(18,15-4-2)16-10-7-5-9(6-8-10)11(12)13/h5-8,17-18H,3-4H2,1-2H3"
1942,water,-15.31,1.32,C10H21NOS,"InChI=1S/C10H21NOS/c1-4-7-8-11(6-3)10(12)13-9-5-2/h4-9H2,1-3H3"
1945,water,-58.33,1.21,C10H19N5S,"InChI=1S/C10H19N5S/c1-6(2)11-8-13-9(12-7(3)4)15-10(14-8)16-5/h6-7,11-12H,1-5H3"
1947,water,-74.17,1.49,C10H8ClN3O,"InChI=1S/C10H8ClN3O/c11-9-8(12)6-13-14(10(9)15)7-4-2-1-3-5-7/h1-6H,12H2"
1952,water,-121.39,1.09,C11H11N5O6S2,"InChI=1S/C11H11N5O6S2/c1-5-12-9(15-11(13-5)22-2)14-10(19)16-24(20,21)6-3-4-23-7(6)8(17)18/h3-4H,1-2H3,(H,17,18)(H2,14,16,19)"
1956,water,-74.44,1.4,C14H12N4O2,"InChI=1S/C14H12N4O2/c15-5-1-2-6(16)10-9(5)13(19)11-7(17)3-4-8(18)12(11)14(10)20/h1-4H,15-18H2"
1959,water,-64.48,1.37,C11H18N4O2,"InChI=1S/C11H19N4O2/c1-7-8(2)12-10(14(3)4)13-9(7)17-11(16)15(5)6/h7H,1-6H3"
1962,water,-35.79,1.01,C10H12N2O5,"InChI=1S/C10H12N2O5/c1-3-6(2)8-4-7(11(14)15)5-9(10(8)13)12(16)17/h4-6,13H,3H2,1-2H3/t6-/m1/s1"
1969,water,-11.23,0.44,H2O2,"InChI=1S/H2O2/c1-2/h1-2H"
1975,water,16.29,0.8,C4F8,"InChI=1S/C4F8/c5-1(6)2(7,8)4(11,12)3(1,9)10"
1976,water,-13.39,0.94,C5H9F3O3,"InChI=1S/C5H9F3O3/c1-9-5(10-2,11-3)4(6,7)8/h1-3H3"
1983,water,-56.52,1.32,C10H19O6PS2,"InChI=1S/C10H21O6PS2/c1-5-15-9(11)7-8(10(12)16-6-2)19-17(18,13-3)14-4/h8,17-18H,5-7H2,1-4H3/t8-/m0/s1"
1984,water,-55.5,0.93,C20H13BrN2O2,"InChI=1S/C20H13BrN2O2/c21-14-10-15(23-11-6-2-1-3-7-11)16-17(18(14)22)20(25)13-9-5-4-8-12(13)19(16)24/h1-10,23H,22H2"
2027,water,-56.03,1.28,C6H6N2O2,"InChI=1S/C6H6N2O2/c7-5-1-3-6(4-2-5)8(9)10/h1-4H,7H2"
2589,water,10.98,1.79,C10H22,"InChI=1S/C10H22/c1-3-5-7-9-10-8-6-4-2/h3-10H2,1-2H3"
2589,hexane,-29.21,1.05,C10H22,"InChI=1S/C10H22/c1-3-5-7-9-10-8-6-4-2/h3-10H2,1-2H3"
2802,water,-3.72,0.44,C2H3Cl3,"InChI=1S/C2H3Cl3/c1-2(3,4)5/h1H3"
2802,hexane,-20.82,1.42,C2H3Cl3,"InChI=1S/C2H3Cl3/c1-2(3,4)5/h1H3"
2803,water,-14.38,1.38,C2H3Cl3,"InChI=1S/C2H3Cl3/c3-1-2(4)5/h2H,1H2"
2803,hexane,-22.69,1.06,C2H3Cl3,"InChI=1S/C2H3Cl3/c3-1-2(4)5/h2H,1H2"
2804,water,-7.57,0.95,C2H2Cl4,"InChI=1S/C2H2Cl4/c3-1-2(4,5)6/h1H2"
2805,water,-11.21,1.07,C2H2Cl4,"InChI=1S/C2H2Cl4/c3-1(4)2(5)6/h1-2H"
2806,water,-5.88,0.93,C2HCl5,"InChI=1S/C2HCl5/c3-1(4)2(5,6)7/h1H"
2808,water,-7.24,1.42,C12H8Cl2,"InChI=1S/C12H8Cl2/c13-10-6-7-12(14)11(8-10)9-4-2-1-3-5-9/h1-8H"
2809,water,-7.74,1.33,C12H7Cl3,"InChI=1S/C12H7Cl3/c13-9-6-10(14)12(11(15)7-9)8-4-2-1-3-5-8/h1-7H"
2810,water,-8.59,1.49,C12H6Cl4,"InChI=1S/C12H6Cl4/c13-9-6-8(7-4-2-1-3-5-7)10(14)12(16)11(9)15/h1-6H"
2811,water,-13.03,0.77,C12H6Cl4,"InChI=1S/C12H6Cl4/c13-7-3-1-4-8(14)11(7)12-9(15)5-2-6-10(12)16/h1-6H"
2812,water,-10.52,1.06,C12H5Cl5,"InChI=1S/C12H5Cl5/c13-7-1-2-9(14)8(5-7)6-3-10(15)12(17)11(16)4-6/h1-5H"
2813,water,-9.11,0.68,C12H5Cl5,"InChI=1S/C12H5Cl5/c13-6-4-9(16)12(10(17)5-6)11-7(14)2-1-3-8(11)15/h1-5H"
2814,water,-10.27,0.83,C12H4Cl6,"InChI=1S/C12H4Cl6/c13-6-2-1-5(3-7(6)14)10-11(17)8(15)4-9(16)12(10)18/h1-4H"
2815,water,-10.65,1.38,C12H4Cl6,"InChI=1S/C12H4Cl6/c13-7-2-1-5(3-8(7)14)6-4-9(15)11(17)12(18)10(6)16/h1-4H"
2816,water,-11.05,0.85,C12H3Cl7,"InChI=1S/C12H3Cl7/c13-6-2-1-4(8(15)10(6)17)5-3-7(14)11(18)12(19)9(5)16/h1-3H"
2817,water,-12.55,1.43,C12H3Cl7,"InChI=1S/C12H3Cl7/c13-6-1-4(2-7(14)10(6)17)5-3-8(15)11(18)12(19)9(5)16/h1-3H"
2818,water,-7.92,0.75,C12H2Cl8,"InChI=1S/C12H2Cl8/c13-4-2-6(15)9(17)11(19)7(4)3-1-5(14)10(18)12(20)8(3)16/h1-2H"
2819,water,-4.5,1.12,C12Cl10,"InChI=1S/C12Cl10/c13-3-1(4(14)8(18)11(21)7(3)17)2-5(15)9(19)12(22)10(20)6(2)16"
2821,water,-14.22,1.16,C12H8O2,"InChI=1S/C12H8O2/c1-2-6-10-9(5-1)13-11-7-3-4-8-12(11)14-10/h1-8H"
2822,water,-16.18,1.47,C12H7ClO2,"InChI=1S/C12H7ClO2/c13-8-4-3-7-11-12(8)15-10-6-2-1-5-9(10)14-11/h1-7H"
2825,water,-15.14,1.35,C12H6Cl2O2,"InChI=1S/C12H6Cl2O2/c13-7-1-3-9-11(5-7)16-10-4-2-8(14)6-12(10)15-9/h1-6H"
2827,water,-16.97,1.49,C12H4Cl4O2,"InChI=1S/C12H4Cl4O2/c13-7-8(14)10(16)12-11(9(7)15)17-5-3-1-2-4-6(5)18-12/h1-4H"
2828,water,-16.92,1.18,C12H4Cl4O2,"InChI=1S/C12H4Cl4O2/c13-5-1-2-7-8(3-5)17-9-4-6(14)10(15)11(16)12(9)18-7/h1-4H"
2829,water,-17.08,1.29,C12H4Cl4O2,"InChI=1S/C12H4Cl4O2/c13-5-1-9-10(2-6(5)14)18-12-4-8(16)7(15)3-11(12)17-9/h1-4H"
2830,water,-17.19,0.74,C12H3Cl5O2,"InChI=1S/C12H3Cl5O2/c13-4-1-2-5-6(3-4)19-12-10(17)8(15)7(14)9(16)11(12)18-5/h1-3H"
2831,water,-17.29,0.91,C12H2Cl6O2,"InChI=1S/C12H2Cl6O2/c13-3-1-5-6(2-4(3)14)20-12-10(18)8(16)7(15)9(17)11(12)19-5/h1-2H"
2832,water,-17.4,1.15,C12Cl8O2,"InChI=1S/C12Cl8O2/c13-1-2(14)6(18)10-9(5(1)17)21-11-7(19)3(15)4(16)8(20)12(11)22-10"
2905,water,-15.14,1.23,C7H7Br,"InChI=1S/C7H7Br/c8-6-7-4-2-1-3-5-7/h1-5H,6H2"
2905,hexane,-32.58,0.78,C7H7Br,"InChI=1S/C7H7Br/c8-6-7-4-2-1-3-5-7/h1-5H,6H2"
2906,water,-12.05,1.15,C7H7Cl,"InChI=1S/C7H7Cl/c8-6-7-4-2-1-3-5-7/h1-5H,6H2"
2925,water,-33.76,1.44,C9H9Cl2NO,"InChI=1S/C9H9Cl2NO/c1-2-9(13)12-6-3-4-7(10)8(11)5-6/h3-5H,2H2,1H3,(H,12,13)"
2928,water,-43.59,1.14,C14H9NO2,"InChI=1S/C14H9NO2/c15-11-7-3-6-10-12(11)14(17)9-5-2-1-4-8(9)13(10)16/h1-7H,15H2"
2966,water,-64.87,0.9,C12H10N4O2,"InChI=1S/C12H12N4O2/c13-9-1-3-10(4-2-9)14-15-11-5-7-12(8-6-11)16(17)18/h1-8,14-15H,13H2"
2968,water,-69.33,1.2,C10H12N3O3PS2,"InChI=1S/C10H16N3O3PS2/c1-15-17(18,16-2)19-7-13-10(14)8-5-3-4-6-9(8)11-12-13/h3-6,8,12,17-18H,7H2,1-2H3"
3162,water,13.98,0.42,CF4,"InChI=1S/CF4/c2-1(3,4)5"
3164,water,7.83,1.25,CCl2F2,"InChI=1S/CCl2F2/c2-1(3,4)5"
3164,hexane,-15.96,1.24,CCl2F2,"InChI=1S/CCl2F2/c2-1(3,4)5"
3165,water,4.97,1.49,CCl3F,"InChI=1S/CCl3F/c2-1(3,4)5"
3165,hexane,-18.53,1.5,CCl3F,"InChI=1S/CCl3F/c2-1(3,4)5"
3166,water,8.62,0.73,C2Cl3F3,"InChI=1S/C2Cl3F3/c3-1(4,6)2(5,7)8"
3166,hexane,-23.77,1.3,C2Cl3F3,"InChI=1S/C2Cl3F3/c3-1(4,6)2(5,7)8"
3167,water,-1.32,0.92,C2HBrClF3,"InChI=1S/C2HBrClF3/c3-1(4)2(5,6)7/h1H/t1-/m1/s1"
3167,hexane,-26.88,1.01,C2HBrClF3,"InChI=1S/C2HBrClF3/c3-1(4)2(5,6)7/h1H/t1-/m1/s1"
3168,water,7.13,1.47,CBrF3,"InChI=1S/CBrF3/c2-1(3,4)5"
3169,water,-8.14,1.01,CH2Cl2,"InChI=1S/CH2Cl2/c2-1-3/h1H2"
3169,hexane,-13.98,0.99,CH2Cl2,"InChI=1S/CH2Cl2/c2-1-3/h1H2"
3170,water,-5.23,1.39,C3H7Cl,"InChI=1S/C3H7Cl/c1-2-3-4/h2-3H2,1H3"
3170,hexane,-14.39,1.4,C3H7Cl,"InChI=1S/C3H7Cl/c1-2-3-4/h2-3H2,1H3"
3171,water,-5.26,1.43,C3H7Cl,"InChI=1S/C3H7Cl/c1-3(2)4/h3H,1-2H3"
3171,hexane,-13.61,1.32,C3H7Cl,"InChI=1S/C3H7Cl/c1-3(2)4/h3H,1-2H3"
3172,water,-2.38,0.73,C2H2Cl2,"InChI=1S/C2H2Cl2/c3-1-2-4/h1-2H/b2-1-"
3172,hexane,-14.91,1.2,C2H2Cl2,"InChI=1S/C2H2Cl2/c3-1-2-4/h1-2H/b2-1-"
3174,water,0.4,1.37,C2HCl3,"InChI=1S/C2HCl3/c3-1-2(4)5/h1H"
3174,hexane,-20.09,1.3,C2HCl3,"InChI=1S/C2HCl3/c3-1-2(4)5/h1H"
3175,water,2.88,1.09,C2Cl4,"InChI=1S/C2Cl4/c3-1(4)2(5)6"
3175,hexane,-24.55,1.0,C2Cl4,"InChI=1S/C2Cl4/c3-1(4)2(5)6"
3176,water,-3.95,0.85,C6H5Cl,"InChI=1S/C6H5Cl/c7-6-4-2-1-3-5-6/h1-5H"
3176,hexane,-22.41,1.47,C6H5Cl,"InChI=1S/C6H5Cl/c7-6-4-2-1-3-5-6/h1-5H"
3177,water,-8.33,0.41,CH3Br,"InChI=1S/CH3Br/c1-2/h1H3"
3178,water,-11.45,0.41,CH2Br2,"InChI=1S/CH2Br2/c2-1-3/h1H2"
3178,hexane,-28.03,1.41,CH2Br2,"InChI=1S/CH2Br2/c2-1-3/h1H2"
3179,water,-12.8,0.43,CHBr3,"InChI=1S/CHBr3/c2-1(3)4/h1H"
3179,hexane,-38.08,1.28,CHBr3,"InChI=1S/CHBr3/c2-1(3)4/h1H"
3180,water,-6.66,0.39,C2H5Br,"InChI=1S/C2H5Br/c1-2-3/h2H2,1H3"
3180,hexane,-18.54,1.3,C2H5Br,"InChI=1S/C2H5Br/c1-2-3/h2H2,1H3"
3181,water,-5.5,0.9,C3H7Br,"InChI=1S/C3H7Br/c1-2-3-4/h2-3H2,1H3"
3181,hexane,-21.2,1.15,C3H7Br,"InChI=1S/C3H7Br/c1-2-3-4/h2-3H2,1H3"
3182,water,-5.41,0.44,C3H7Br,"InChI=1S/C3H7Br/c1-3(2)4/h3H,1-2H3"
3182,hexane,-20.14,1.23,C3H7Br,"InChI=1S/C3H7Br/c1-3(2)4/h3H,1-2H3"
3186,water,-4.44,0.7,C5H11Br,"InChI=1S/C5H11Br/c1-2-3-4-5-6/h2-5H2,1H3"
3186,hexane,-27.41,0.75,C5H11Br,"InChI=1S/C5H11Br/c1-2-3-4-5-6/h2-5H2,1H3"
3187,water,-5.57,0.88,C3H5Br,"InChI=1S/C3H5Br/c1-2-3-4/h2H,1,3H2"
3187,hexane,-20.59,1.38,C3H5Br,"InChI=1S/C3H5Br/c1-2-3-4/h2H,1,3H2"
3188,water,-6.94,0.42,C6H5Br,"InChI=1S/C6H5Br/c7-6-4-2-1-3-5-6/h1-5H"
3188,hexane,-28.82,1.14,C6H5Br,"InChI=1S/C6H5Br/c7-6-4-2-1-3-5-6/h1-5H"
3189,water,-7.03,0.49,C7H7Br,"InChI=1S/C7H7Br/c1-6-2-4-7(8)5-3-6/h2-5H,1H3"
3189,hexane,-31.24,0.81,C7H7Br,"InChI=1S/C7H7Br/c1-6-2-4-7(8)5-3-6/h2-5H,1H3"
3199,water,-22.12,1.21,C10H22O,"InChI=1S/C10H22O/c1-2-3-4-5-6-7-8-9-10-11/h11H,2-10H2,1H3"
3199,hexane,-32.28,1.03,C10H22O,"InChI=1S/C10H22O/c1-2-3-4-5-6-7-8-9-10-11/h11H,2-10H2,1H3"
3200,water,-31.5,1.02,C6H5BrO,"InChI=1S/C6H5BrO/c7-5-1-3-6(8)4-2-5/h1-4,8H"
3200,hexane,-32.65,1.32,C6H5BrO,"InChI=1S/C6H5BrO/c7-5-1-3-6(8)4-2-5/h1-4,8H"
3348,water,-0.2,0.68,C9H12,"InChI=1S/C9H12/c1-7-4-8(2)6-9(3)5-7/h4-6H,1-3H3"
3349,water,-1.67,0.53,C9H12,"InChI=1S/C9H12/c1-7-5-4-6-8(2)9(7)3/h4-6H,1-3H3"
3596,water,-25.14,0.89,C7H9N,"InChI=1S/C7H9N/c1-8-7-5-3-2-4-6-7/h2-6,8H,1H3"
3596,hexane,-27.41,1.14,C7H9N,"InChI=1S/C7H9N/c1-8-7-5-3-2-4-6-7/h2-6,8H,1H3"
3613,water,-9.13,0.96,H2S,"InChI=1S/H2S/h1H2"
3613,hexane,-4.81,0.56,H2S,"InChI=1S/H2S/h1H2"
3619,water,-21.74,0.92,C6H7N,"InChI=1S/C6H7N/c7-6-4-2-1-3-5-6/h1-5H,7H2"
3619,hexane,-19.37,1.29,C6H7N,"InChI=1S/C6H7N/c7-6-4-2-1-3-5-6/h1-5H,7H2"
3791,water,-6.74,0.73,CH3Cl,"InChI=1S/CH3Cl/c1-2/h1H3"
3793,water,-3.83,1.22,C5H11Cl,"InChI=1S/C5H11Cl/c1-3-4-5(2)6/h5H,3-4H2,1-2H3/t5-/m1/s1"
3794,water,-5.05,1.11,C6H2Cl4,"InChI=1S/C6H2Cl4/c7-3-1-2-4(8)6(10)5(3)9/h1-2H"
3795,water,-2.33,1.31,C6H2Cl4,"InChI=1S/C6H2Cl4/c7-3-1-4(8)6(10)5(9)2-3/h1-2H"
3797,water,-3.95,0.88,C6H2Cl4,"InChI=1S/C6H2Cl4/c7-3-1-4(8)6(10)2-5(3)9/h1-2H"
3798,water,-4.72,0.96,C6H3Cl3,"InChI=1S/C6H3Cl3/c7-4-1-2-5(8)6(9)3-4/h1-3H"
3799,water,-1.75,1.18,C6H3Cl3,"InChI=1S/C6H3Cl3/c7-4-1-5(8)3-6(9)2-4/h1-3H"
3800,water,2.13,1.12,CCl4,"InChI=1S/CCl4/c2-1(3,4)5"
3801,water,-8.79,0.77,C3H6Cl2,"InChI=1S/C3H6Cl2/c1-3(5)2-4/h3H,2H2,1H3/t3-/m0/s1"
3802,water,-3.72,1.15,C6H4Cl2,"InChI=1S/C6H4Cl2/c7-5-2-1-3-6(8)4-5/h1-4H"
3804,water,-13.66,1.28,C4H8Cl2,"InChI=1S/C4H8Cl2/c5-3-1-2-4-6/h1-4H2"
3805,water,1.71,0.97,C4H9Cl,"InChI=1S/C4H9Cl/c1-4(2,3)5/h1-3H3"
3808,water,-4.09,0.98,C4H9Cl,"InChI=1S/C4H9Cl/c1-2-3-4-5/h2-4H2,1H3"
3809,water,-3.82,1.12,C5H11Cl,"InChI=1S/C5H11Cl/c1-2-3-4-5-6/h2-5H2,1H3"
3810,water,-3.27,1.24,C6H13Cl,"InChI=1S/C6H13Cl/c1-2-3-4-5-6-7/h2-6H2,1H3"
3811,water,-2.58,1.23,C7H15Cl,"InChI=1S/C7H15Cl/c1-2-3-4-5-6-7-8/h2-7H2,1H3"
3813,water,-6.01,1.15,C6H3Cl3,"InChI=1S/C6H3Cl3/c7-4-2-1-3-5(8)6(4)9/h1-3H"
3855,water,-12.98,1.45,C12H7ClO2,"InChI=1S/C12H7ClO2/c13-8-5-6-11-12(7-8)15-10-4-2-1-3-9(10)14-11/h1-7H"
3856,water,-14.34,1.43,C12H6Cl2O2,"InChI=1S/C12H6Cl2O2/c13-7-5-11-12(6-8(7)14)16-10-4-2-1-3-9(10)15-11/h1-6H"
3857,water,-15.61,0.82,C12H5Cl3O2,"InChI=1S/C12H5Cl3O2/c13-6-5-7(14)11-12(10(6)15)17-9-4-2-1-3-8(9)16-11/h1-5H"
4026,water,-23.71,1.5,C6H5FO,"InChI=1S/C6H5FO/c7-5-1-3-6(8)4-2-5/h1-4,8H"
4027,water,15.13,1.22,C2F6,"InChI=1S/C2F6/c3-1(4,5)2(6,7)8"
4028,water,18.22,0.99,C3F8,"InChI=1S/C3F8/c4-1(5,2(6,7)8)3(9,10)11"
4054,water,-3.42,1.07,C6H13Br,"InChI=1S/C6H13Br/c1-2-3-4-5-6-7/h2-6H2,1H3"
4055,water,-2.68,1.12,C7H15Br,"InChI=1S/C7H15Br/c1-2-3-4-5-6-7-8/h2-7H2,1H3"
4056,water,-3.19,1.42,C8H17Br,"InChI=1S/C8H17Br/c1-2-3-4-5-6-7-8-9/h2-8H2,1H3"
4057,water,-1.64,0.54,C4H9Br,"InChI=1S/C4H9Br/c1-4(2,3)5/h1-3H3"
4059,water,-5.6,0.88,C4H9Br,"InChI=1S/C4H9Br/c1-4(2)3-5/h4H,3H2,1-2H3"
4059,hexane,-22.86,0.78,C4H9Br,"InChI=1S/C4H9Br/c1-4(2)3-5/h4H,3H2,1-2H3"
4389,water,-43.19,0.71,C3H4N2,"InChI=1S/C3H5N2/c1-2-5-3-4-1/h1,3,5H,2H2"
4621,water,-16.99,0.99,C2H3F3O,"InChI=1S/C2H3F3O/c3-2(4,5)1-6/h6H,1H2"
4621,hexane,-13.21,1.13,C2H3F3O,"InChI=1S/C2H3F3O/c3-2(4,5)1-6/h6H,1H2"
4982,water,-58.59,1.24,C8H9NO2,"InChI=1S/C8H9NO2/c1-6(10)9-7-2-4-8(11)5-3-7/h2-5,11H,1H3,(H,9,10)"
5441,water,-29.97,1.26,C7H8O,"InChI=1S/C7H8O/c8-6-7-4-2-1-3-5-7/h1-5,8H,6H2"
6187,water,-11.69,0.93,C3H2F6O,"InChI=1S/C3H2F6O/c4-2(5,6)1(10)3(7,8)9/h1,10H"
6274,water,7.6,0.91,C8H16,"InChI=1S/C8H16/c1-2-5-8-6-3-4-7-8/h8H,2-7H2,1H3"
6490,water,-8.24,0.77,C2H6S2,"InChI=1S/C2H6S2/c1-3-4-2/h1-2H3"
6490,hexane,-19.19,1.24,C2H6S2,"InChI=1S/C2H6S2/c1-3-4-2/h1-2H3"
6545,water,-7.46,1.38,C4H10S2,"InChI=1S/C4H10S2/c1-3-5-6-4-2/h3-4H2,1-2H3"
6545,hexane,-24.71,0.75,C4H10S2,"InChI=1S/C4H10S2/c1-3-5-6-4-2/h3-4H2,1-2H3"
6548,water,-49.59,0.97,C14H11Cl2NO2,"InChI=1S/C14H11Cl2NO2/c15-10-5-3-6-11(16)14(10)17-12-7-2-1-4-9(12)8-13(18)19/h1-7,17H,8H2,(H,18,19)"
7233,water,-16.12,1.28,C16H10,"InChI=1S/C16H10/c1-3-11-7-9-13-5-2-6-14-10-8-12(4-1)15(11)16(13)14/h1-10H"
7234,water,-7.31,1.17,C2H6S,"InChI=1S/C2H6S/c1-3-2/h1-2H3"
7234,hexane,-12.24,1.24,C2H6S,"InChI=1S/C2H6S/c1-3-2/h1-2H3"
7272,water,12.19,1.36,C9H20,"InChI=1S/C9H20/c1-3-5-7-9-8-6-4-2/h3-9H2,1-2H3"
7272,hexane,-25.77,0.93,C9H20,"InChI=1S/C9H20/c1-3-5-7-9-8-6-4-2/h3-9H2,1-2H3"
7502,water,-0.96,0.87,C2HBrClF3,"InChI=1S/C2HBrClF3/c3-1(4)2(5,6)7/h1H/t1-/m0/s1"
7956,water,-22.7,1.28,C6H12O3,"InChI=1S/C6H12O3/c1-3-8-4-5-9-6(2)7/h3-5H2,1-2H3"
7957,water,-38.29,1.21,C3H6N2O6,"InChI=1S/C3H6N2O6/c6-4(7)10-2-1-3-11-5(8)9/h1-3H2"
7958,water,-34.03,1.46,C4H8N2O6,"InChI=1S/C4H8N2O6/c1-4(12-6(9)10)2-3-11-5(7)8/h4H,2-3H2,1H3/t4-/m0/s1"
7959,water,-13.73,1.16,C6H13NO3,"InChI=1S/C6H13NO3/c1-2-3-4-5-6-10-7(8)9/h2-6H2,1H3"
7962,water,-29.95,1.22,C6H4Cl2O,"InChI=1S/C6H4Cl2O/c7-5-2-1-4(9)3-6(5)8/h1-3,9H"
7963,water,-41.6,1.28,C8H10O3,"InChI=1S/C8H10O3/c1-10-6-4-3-5-7(11-2)8(6)9/h3-5,9H,1-2H3"
7965,water,-19.37,0.91,C7H6O2,"InChI=1S/C7H6O2/c8-5-6-3-1-2-4-7(6)9/h1-5,9H"
7966,water,-21.55,0.6,C8H10O,"InChI=1S/C8H10O/c1-2-7-5-3-4-6-8(7)9/h3-6,9H,2H2,1H3"
7969,water,-1.92,0.53,C9H12,"InChI=1S/C9H12/c1-3-9-7-5-4-6-8(9)2/h4-7H,3H2,1-2H3"
7982,water,-11.17,1.42,C12H10O,"InChI=1S/C12H10O/c1-3-7-11(8-4-1)13-12-9-5-2-6-10-12/h1-10H"
8018,water,-10.85,1.22,C12H20O2,"InChI=1S/C12H20O2/c1-6-12(5,14-11(4)13)9-7-8-10(2)3/h6,8H,1,7,9H2,2-5H3/t12-/m0/s1"
8019,water,-19.32,1.29,C10H18O,"InChI=1S/C10H18O/c1-9(2)5-4-6-10(3)7-8-11/h5,7,11H,4,6,8H2,1-3H3/b10-7-"
8021,water,-26.42,1.48,C8H10O2,"InChI=1S/C8H10O2/c1-9-7-5-3-4-6-8(7)10-2/h3-6H,1-2H3"
8026,water,-35.72,1.34,C8H8Cl2O3,"InChI=1S/C8H8Cl2O3/c1-12-7-4(9)3-5(10)8(13-2)6(7)11/h3,11H,1-2H3"
8027,water,-45.03,1.47,C9H9ClO4,"InChI=1S/C9H9ClO4/c1-13-6-3-5(4-11)7(10)9(14-2)8(6)12/h3-4,12H,1-2H3"
8028,water,-14.63,1.16,C10H16O,"InChI=1S/C10H16O/c1-7(2)9-5-4-8(3)10(11)6-9/h8-9H,1,4-6H2,2-3H3/t8-,9-/m1/s1"
8029,water,-22.58,1.23,C10H16O,"InChI=1S/C10H16O/c1-7(2)9-5-4-8(3)10(11)6-9/h4,9-11H,1,5-6H2,2-3H3/t9-,10+/m1/s1"
8030,water,-18.92,1.36,C10H14O,"InChI=1S/C10H14O/c1-8(2)10-5-3-9(7-11)4-6-10/h3,7,10H,1,4-6H2,2H3/t10-/m1/s1"
8031,water,-19.48,1.35,C10H16O,"InChI=1S/C10H16O/c1-7(2)9-5-4-8(3)6-10(9)11/h6-7,9H,4-5H2,1-3H3/t9-/m0/s1"
8033,water,-13.37,1.25,C10H18O,"InChI=1S/C10H18O/c1-7(2)9-5-4-8(3)6-10(9)11/h7-9H,4-6H2,1-3H3/t8-,9+/m1/s1"
8035,water,-13.32,0.73,C14H12,"InChI=1S/C14H12/c1-2-6-12-10-14-8-4-3-7-13(14)9-11(12)5-1/h1-8H,9-10H2"
8036,water,-6.18,0.91,C14H12,"InChI=1S/C14H12/c1-12(13-8-4-2-5-9-13)14-10-6-3-7-11-14/h2-11H,1H2"
8037,water,-44.65,1.13,C10H10N2,"InChI=1S/C10H11N2/c1-2-4-10(5-3-1)8-12-7-6-11-9-12/h1-6,9H,7-8H2"
8039,water,-38.92,0.85,C17H21NO,"InChI=1S/C17H21NO/c1-18(2)13-14-19-17(15-9-5-3-6-10-15)16-11-7-4-8-12-16/h3-12,17H,13-14H2,1-2H3"
8040,water,-26.82,0.91,C20H23N,"InChI=1S/C20H23N/c1-21(2)15-7-12-20-18-10-5-3-8-16(18)13-14-17-9-4-6-11-19(17)20/h3-6,8-12H,7,13-15H2,1-2H3"
8083,water,-50.12,1.3,C14H9NO2,"InChI=1S/C14H9NO2/c15-8-5-6-11-12(7-8)14(17)10-4-2-1-3-9(10)13(11)16/h1-7H,15H2"
8542,water,-19.72,0.9,C7H9N,"InChI=1S/C7H9N/c1-6-4-2-3-5-7(6)8/h2-5H,8H2,1H3"
8542,hexane,-22.53,0.71,C7H9N,"InChI=1S/C7H9N/c1-6-4-2-3-5-7(6)8/h2-5H,8H2,1H3"
8553,water,-63.85,1.44,C14H10N2O2,"InChI=1S/C14H10N2O2/c15-9-5-6-10(16)12-11(9)13(17)7-3-1-2-4-8(7)14(12)18/h1-6H,15-16H2"
8596,water,-16.41,0.96,C5H11NO2,"InChI=1S/C5H11NO2/c1-2-3-4-5-6(7)8/h2-5H2,1H3"
9025,water,5.35,0.88,CHF3,"InChI=1S/CHF3/c2-1(3)4/h1H"
9378,water,-15.54,0.91,C5H8O,"InChI=1S/C5H8O/c6-5-3-1-2-4-5/h1-4H2"
9378,hexane,-17.85,1.43,C5H8O,"InChI=1S/C5H8O/c6-5-3-1-2-4-5/h1-4H2"
9380,water,-40.83,0.48,C3H7NO,"InChI=1S/C3H7NO/c1-4(2)3-5/h3H,1-2H3"
9380,hexane,-24.19,1.17,C3H7NO,"InChI=1S/C3H7NO/c1-4(2)3-5/h3H,1-2H3"
9483,water,-14.15,0.83,C3H8S,"InChI=1S/C3H8S/c1-2-3-4/h4H,2-3H2,1H3"
9483,hexane,-15.44,1.17,C3H8S,"InChI=1S/C3H8S/c1-2-3-4/h4H,2-3H2,1H3"
9854,water,-52.29,1.34,C6H5NO3,"InChI=1S/C6H5NO3/c8-6-3-1-5(2-4-6)7(9)10/h1-4,8H"
10701,water,-8.13,1.4,C3H8O,"InChI=1S/C3H8O/c1-3-4-2/h3H2,1-2H3"
10889,water,-15.35,0.87,C6H10O,"InChI=1S/C6H10O/c7-6-4-2-1-3-5-6/h1-5H2"
10897,water,-0.42,1.29,C10H14,"InChI=1S/C10H14/c1-8(2)10-6-4-9(3)5-7-10/h4-8H,1-3H3"
11009,water,-19.37,1.22,C4H10O,"InChI=1S/C4H10O/c1-3-4(2)5/h4-5H,3H2,1-2H3/t4-/m0/s1"
11929,water,-31.39,0.68,C10H8O,"InChI=1S/C10H8O/c11-10-6-5-8-3-1-2-4-9(8)7-10/h1-7,11H"
12998,water,-0.37,1.2,C3H2ClF5O,"InChI=1S/C3H2ClF5O/c4-1(3(7,8)9)10-2(5)6/h1-2H/t1-/m1/s1"
13683,water,-19.69,0.42,C8H10O,"InChI=1S/C8H10O/c1-6-4-3-5-7(2)8(6)9/h3-5,9H,1-2H3"
15607,water,-24.22,1.35,CH4O,"InChI=1S/CH4O/c1-2/h2H,1H3"
15607,hexane,-5.81,0.62,CH4O,"InChI=1S/CH4O/c1-2/h2H,1H3"
15610,water,8.59,0.39,CH4,"InChI=1S/CH4/h1H4"
15610,hexane,-0.03,0.53,CH4,"InChI=1S/CH4/h1H4"
16282,water,-37.26,0.88,C2H5NO,"InChI=1S/C2H5NO/c1-3-2-4/h2H,1H3,(H,3,4)"
16283,water,1.43,1.36,C2H3Cl,"InChI=1S/C2H3Cl/c1-2-3/h2H,1H2"
16415,water,8.21,0.8,C4H12Si,"InChI=1S/C4H12Si/c1-5(2,3)4/h1-4H3"
16415,hexane,-16.07,1.12,C4H12Si,"InChI=1S/C4H12Si/c1-5(2,3)4/h1-4H3"
16574,water,-6.2,0.6,C12H12,"InChI=1S/C12H12/c1-9-3-5-11-6-4-10(2)8-12(11)7-9/h3-8H,1-2H3"
16772,water,-3.99,0.8,C9H10,"InChI=1S/C9H10/c1-2-5-9-7-3-6-8(9)4-1/h1-2,4-5H,3,6-7H2"
16826,water,7.03,1.22,C4H8,"InChI=1S/C4H8/c1-3-4-2/h3-4H,1-2H3/b4-3+"
16849,water,13.02,1.16,C7H16,"InChI=1S/C7H16/c1-5-6-7(2,3)4/h5-6H2,1-4H3"
17011,water,-0.55,0.6,C11H16,"InChI=1S/C11H16/c1-2-3-5-8-11-9-6-4-7-10-11/h4,6-7,9-10H,2-3,5,8H2,1H3"
17012,water,1.2,1.32,C12H18,"InChI=1S/C12H18/c1-2-3-4-6-9-12-10-7-5-8-11-12/h5,7-8,10-11H,2-4,6,9H2,1H3"
17023,water,-18.16,0.9,C8H11N,"InChI=1S/C8H11N/c1-2-9-8-6-4-3-5-7-8/h3-7,9H,2H2,1H3"
17117,water,-17.98,0.4,H2O,"InChI=1S/H2O/h1H2"
17117,hexane,3.77,0.35,H2O,"InChI=1S/H2O/h1H2"
17666,water,4.98,0.96,C6H12,"InChI=1S/C6H12/c1-2-4-6-5-3-1/h1-6H2"
17666,hexane,-17.73,0.69,C6H12,"InChI=1S/C6H12/c1-2-4-6-5-3-1/h1-6H2"
18185,water,-51.92,0.69,C16H14O3,"InChI=1S/C16H14O3/c17-15(10-11-16(18)19)14-8-6-13(7-9-14)12-4-2-1-3-5-12/h1-9H,10-11H2,(H,18,19)"
18851,water,-26.42,1.18,C9H12O,"InChI=1S/C9H12O/c1-2-3-8-4-6-9(10)7-5-8/h4-7,10H,2-3H2,1H3"
18951,water,-32.96,1.46,C8H8Cl3O3PS,"InChI=1S/C8H10Cl3O3PS/c1-12-15(16,13-2)14-8-4-6(10)5(9)3-7(8)11/h3-4,15-16H,1-2H3"
18985,water,0.49,1.29,C2H2Cl2,"InChI=1S/C2H2Cl2/c3-1-2-4/h1-2H/b2-1+"
18985,hexane,-14.78,1.21,C2H2Cl2,"InChI=1S/C2H2Cl2/c3-1-2-4/h1-2H/b2-1+"
19001,water,-3.42,0.93,CH2ClF,"InChI=1S/CH2ClF/c2-1-3/h1H2"
19002,water,3.67,1.44,CHClF2,"InChI=1S/CHClF2/c2-1(3)4/h1H"
19008,water,-0.35,1.34,C2H2ClF3,"InChI=1S/C2H2ClF3/c3-1-2(4,5)6/h1H2"
19011,water,0.82,0.52,C3H2ClF5O,"InChI=1S/C3H2ClF5O/c4-1(3(7,8)9)10-2(5)6/h1-2H/t1-/m0/s1"
19014,water,-18.64,1.42,C4H8Cl2S,"InChI=1S/C4H8Cl2S/c5-1-3-7-4-2-6/h1-4H2"
19015,water,-0.32,0.96,C4H5F3O,"InChI=1S/C4H5F3O/c1-2-8-3-4(5,6)7/h2H,1,3H2"
19015,hexane,-22.88,1.4,C4H5F3O,"InChI=1S/C4H5F3O/c1-2-8-3-4(5,6)7/h2H,1,3H2"
19028,water,-9.59,1.46,C12H8Cl2,"InChI=1S/C12H8Cl2/c13-11-8-4-7-10(12(11)14)9-5-2-1-3-6-9/h1-8H"
19029,water,-10.69,1.5,C12H7Cl3,"InChI=1S/C12H7Cl3/c13-10-6-2-1-4-8(10)9-5-3-7-11(14)12(9)15/h1-7H"
19036,water,-1.66,0.86,CBrCl3,"InChI=1S/CBrCl3/c2-1(3,4)5"
19036,hexane,-28.15,1.04,CBrCl3,"InChI=1S/CBrCl3/c2-1(3,4)5"
19037,water,13.31,1.44,C2ClF5,"InChI=1S/C2ClF5/c3-1(4,5)2(6,7)8"
19038,water,-37.96,1.27,C7H3Br2NO,"InChI=1S/C7H3Br2NO/c8-5-1-4(3-10)2-6(9)7(5)11/h1-2,11H"
19038,hexane,-50.84,0.87,C7H3Br2NO,"InChI=1S/C7H3Br2NO/c8-5-1-4(3-10)2-6(9)7(5)11/h1-2,11H"
19040,water,-52.9,1.4,C7H5Cl2NS,"InChI=1S/C7H5Cl2NS/c8-4-2-1-3-5(9)6(4)7(10)11/h1-3H,(H2,10,11)"
19042,water,-34.09,1.42,C4H7Cl2O4P,"InChI=1S/C4H7Cl2O4P/c1-8-11(7,9-2)10-3-4(5)6/h3H,1-2H3"
19043,water,-29.12,1.48,C10H13Cl2O3PS,"InChI=1S/C10H15Cl2O3PS/c1-3-13-16(17,14-4-2)15-10-6-5-8(11)7-9(10)12/h5-7,16-17H,3-4H2,1-2H3"
19044,water,-37.29,1.44,C9H12ClO4P,"InChI=1S/C9H12ClO4P/c1-12-15(11,13-2)14-9-7-5-3-4-6(7)8(9)10/h3,5-7H,4H2,1-2H3/t6-,7+/m0/s1"
19045,water,-38.29,1.21,C11H15BrClO3PS,"InChI=1S/C11H15BrClO3PS/c1-3-7-18-17(14,15-4-2)16-11-6-5-9(12)8-10(11)13/h5-6,8H,3-4,7H2,1-2H3/t17-/m1/s1"
19047,water,-33.46,1.37,C8H8BrCl2O3PS,"InChI=1S/C8H10BrCl2O3PS/c1-12-15(16,13-2)14-8-4-6(10)5(9)3-7(8)11/h3-4,15-16H,1-2H3"
19060,water,-39.35,1.36,C9H8Cl3NO2S,"InChI=1S/C9H8Cl3NO2S/c10-9(11,12)16-13-7(14)5-3-1-2-4-6(5)8(13)15/h1-2,5-6H,3-4H2/t5-,6+"
19062,water,-21.26,1.48,C10H6Cl8,"InChI=1S/C10H6Cl8/c11-3-1-2-4(5(3)12)9(16)7(14)6(13)8(2,15)10(9,17)18/h2-5H,1H2/t2-,3+,4-,5-,8-,9+/m0/s1"
19070,water,-38.69,1.18,C9H6Cl6O3S,"InChI=1S/C9H6Cl6O3S/c10-5-6(11)8(13)4-2-18-19(16)17-1-3(4)7(5,12)9(8,14)15/h3-4H,1-2H2/t3-,4+,7-,8+,19-"
19071,water,-26.06,1.41,C12H8Cl6O,"InChI=1S/C12H8Cl6O/c13-8-9(14)11(16)5-3-1-2(6-7(3)19-6)4(5)10(8,15)12(11,17)18/h2-7H,1H2/t2-,3+,4+,5-,6-,7+,10-,11+"
19073,water,-23.55,1.39,C6H6Cl6,"InChI=1S/C6H6Cl6/c7-1-2(8)4(10)6(12)5(11)3(1)9/h1-6H/t1-,2-,3-,4+,5+,6+"
19090,water,-47.43,1.41,C14H12ClNO2,"InChI=1S/C14H12ClNO2/c1-9-11(15)6-4-8-12(9)16-13-7-3-2-5-10(13)14(17)18/h2-8,16H,1H3,(H,17,18)"
19755,water,-22.72,1.19,C6H12O2,"InChI=1S/C6H12O2/c1-2-3-4-5-6(7)8/h2-5H2,1H3,(H,7,8)"
19755,hexane,-23.18,0.79,C6H12O2,"InChI=1S/C6H12O2/c1-2-3-4-5-6(7)8/h2-5H2,1H3,(H,7,8)"
19762,water,-21.0,0.67,C4H9N,"InChI=1S/C4H9N/c1-2-4-5-3-1/h5H,1-4H2"
19765,water,-71.63,0.37,C6H7N5,"InChI=1S/C6H7N5/c1-11-3-10-4-5(7)8-2-9-6(4)11/h2-3H,7H2,1H3"
19783,water,-27.14,0.75,C5H10O2,"InChI=1S/C5H10O2/c1-2-3-4-5(6)7/h2-4H2,1H3,(H,6,7)"
19783,hexane,-20.79,1.28,C5H10O2,"InChI=1S/C5H10O2/c1-2-3-4-5(6)7/h2-4H2,1H3,(H,6,7)"
19842,water,-24.74,0.97,C7H8O,"InChI=1S/C7H8O/c1-6-3-2-4-7(8)5-6/h2-5,8H,1H3"
19842,hexane,-22.57,1.48,C7H8O,"InChI=1S/C7H8O/c1-6-3-2-4-7(8)5-6/h2-5,8H,1H3"
20584,water,-19.07,0.88,C10H18O,"InChI=1S/C10H18O/c1-9(2)5-4-6-10(3)7-8-11/h5,7,11H,4,6,8H2,1-3H3/b10-7+"
21337,water,-10.52,0.49,C2H6O,"InChI=1S/C2H6O/c1-3-2/h1-2H3"
21337,hexane,-13.62,0.92,C2H6O,"InChI=1S/C2H6O/c1-3-2/h1-2H3"
21614,water,-62.18,1.41,C8H8O3,"InChI=1S/C8H8O3/c1-11-7-5-3-2-4-6(7)8(9)10/h2-5H,1H3,(H,9,10)"
21673,water,-30.63,0.99,C3H6N2O6,"InChI=1S/C3H6N2O6/c1-3(11-5(8)9)2-10-4(6)7/h3H,2H2,1H3/t3-/m0/s1"
21677,water,-90.93,1.21,C15H15ClN4O6S,"InChI=1S/C15H16ClN4O6S/c1-3-26-13(21)9-6-4-5-7-10(9)27(23,24)20-15(22)19-14-17-11(16)8-12(18-14)25-2/h4-7H,3,8H2,1-2H3,(H2,19,20,22)"
21679,water,-100.38,1.3,C14H15N5O6S,"InChI=1S/C14H15N5O6S/c1-8-15-12(18-14(16-8)25-3)17-13(21)19-26(22,23)10-7-5-4-6-9(10)11(20)24-2/h4-7H,1-3H3,(H2,17,19,21)"
21683,water,-65.97,1.32,C20H14N2O2,"InChI=1S/C20H14N2O2/c21-15-10-11-16(22-12-6-2-1-3-7-12)18-17(15)19(23)13-8-4-5-9-14(13)20(18)24/h1-11,22H,21H2"
21877,water,-19.96,1.08,C6H14O,"InChI=1S/C6H14O/c1-2-3-4-5-6-7/h7H,2-6H2,1H3"
21877,hexane,-21.06,1.42,C6H14O,"InChI=1S/C6H14O/c1-2-3-4-5-6-7/h7H,2-6H2,1H3"
21882,water,-80.56,1.02,C5H10O5,"InChI=1S/C5H10O5/c6-2-1-10-5(9)4(8)3(2)7/h2-9H,1H2/t2-,3+,4-,5-/m1/s1"
22710,water,-24.36,0.8,C7H8O2,"InChI=1S/C7H8O2/c1-9-7-5-3-2-4-6(7)8/h2-5,8H,1H3"
22965,water,-52.75,1.48,C9H8Cl2O4,"InChI=1S/C9H8Cl2O4/c1-14-8-5(10)4(3-12)6(11)9(15-2)7(8)13/h3,13H,1-2H3"
22975,water,-17.2,0.91,C8H8O,"InChI=1S/C8H8O/c1-7-4-2-3-5-8(7)6-9/h2-6H,1H3"
23274,water,10.35,1.09,C8H18,"InChI=1S/C8H18/c1-3-5-7-8-6-4-2/h3-8H2,1-2H3"
23274,hexane,-22.84,0.84,C8H18,"InChI=1S/C8H18/c1-3-5-7-8-6-4-2/h3-8H2,1-2H3"
24214,water,-6.01,0.44,C7H7Br,"InChI=1S/C7H7Br/c1-6-4-2-3-5-7(6)8/h2-5H,1H3"
24272,water,-102.45,1.46,C16H18N4O7S,"InChI=1S/C16H19N4O7S/c1-25-12-8-13(26-2)18-15(17-12)19-16(22)20-28(23,24)9-10-6-4-5-7-11(10)14(21)27-3/h4-7H,8-9H2,1-3H3,(H2,19,20,22)"
24510,water,-22.82,0.5,C8H10O2,"InChI=1S/C8H10O2/c1-6-3-4-7(9)8(5-6)10-2/h3-5,9H,1-2H3"
24879,water,-32.53,1.12,C13H18O2,"InChI=1S/C13H18O2/c1-9(2)8-11-4-6-12(7-5-11)10(3)13(14)15/h4-7,9-10H,8H2,1-3H3,(H,14,15)/t10-/m0/s1"
25060,water,-44.86,1.14,C14H10F3NO2,"InChI=1S/C14H10F3NO2/c15-14(16,17)9-4-3-5-10(8-9)18-12-7-2-1-6-11(12)13(19)20/h1-8,18H,(H,19,20)"
25457,water,-7.39,0.67,C2H5I,"InChI=1S/C2H5I/c1-2-3/h2H2,1H3"
25457,hexane,-22.07,1.31,C2H5I,"InChI=1S/C2H5I/c1-2-3/h2H2,1H3"
25458,water,-6.06,0.89,C3H7I,"InChI=1S/C3H7I/c1-2-3-4/h2-3H2,1H3"
25458,hexane,-25.04,0.97,C3H7I,"InChI=1S/C3H7I/c1-2-3-4/h2-3H2,1H3"
25459,water,-13.41,0.86,CH2I2,"InChI=1S/CH2I2/c2-1-3/h1H2"
25459,hexane,-34.55,1.28,CH2I2,"InChI=1S/CH2I2/c2-1-3/h1H2"
25541,water,-12.25,1.06,C6H5I,"InChI=1S/C6H5I/c7-6-4-2-1-3-5-6/h1-5H"
25541,hexane,-32.82,1.38,C6H5I,"InChI=1S/C6H5I/c7-6-4-2-1-3-5-6/h1-5H"
25806,water,9.26,0.83,C4H10,"InChI=1S/C4H10/c1-3-4-2/h3-4H2,1-2H3"
25806,hexane,-11.08,1.42,C4H10,"InChI=1S/C4H10/c1-3-4-2/h3-4H2,1-2H3"
26135,water,-48.43,0.57,C14H9NO3,"InChI=1S/C14H9NO3/c15-9-5-6-10(16)12-11(9)13(17)7-3-1-2-4-8(7)14(12)18/h1-6,16H,15H2"
26244,water,-41.42,1.18,C7H6O2,"InChI=1S/C7H6O2/c8-5-6-2-1-3-7(9)4-6/h1-5,9H"
26244,hexane,-25.75,1.14,C7H6O2,"InChI=1S/C7H6O2/c8-5-6-2-1-3-7(9)4-6/h1-5,9H"
26246,water,11.91,0.98,C2F4,"InChI=1S/C2F4/c3-1(4)2(5)6"
26251,water,6.68,1.47,C5H10,"InChI=1S/C5H10/c1-3-5-4-2/h3,5H,4H2,1-2H3/b5-3-"
26261,water,-14.44,0.96,C6H12O,"InChI=1S/C6H12O/c1-5-3-4-6(2)7-5/h5-6H,3-4H2,1-2H3/t5-,6+"
26262,water,-6.22,1.4,C5H11I,"InChI=1S/C5H11I/c1-2-3-4-5-6/h2-5H2,1H3"
26262,hexane,-30.82,1.0,C5H11I,"InChI=1S/C5H11I/c1-2-3-4-5-6/h2-5H2,1H3"
26263,water,-6.11,0.8,C3H7I,"InChI=1S/C3H7I/c1-3(2)4/h3H,1-2H3"
26264,water,-8.61,1.4,CH3I,"InChI=1S/CH3I/c1-2/h1H3"
26264,hexane,-20.17,1.0,CH3I,"InChI=1S/CH3I/c1-2/h1H3"
26265,water,-6.67,0.88,C6H12O,"InChI=1S/C6H12O/c1-5(7)6(2,3)4/h1-4H3"
26265,hexane,-16.3,0.7,C6H12O,"InChI=1S/C6H12O/c1-5(7)6(2,3)4/h1-4H3"
26266,water,-10.05,1.26,C6H14S,"InChI=1S/C6H14S/c1-3-5-7-6-4-2/h3-6H2,1-2H3"
26266,hexane,-24.68,1.48,C6H14S,"InChI=1S/C6H14S/c1-3-5-7-6-4-2/h3-6H2,1-2H3"
26267,water,-5.08,0.67,C4H9I,"InChI=1S/C4H9I/c1-2-3-4-5/h2-4H2,1H3"
26267,hexane,-27.81,1.41,C4H9I,"InChI=1S/C4H9I/c1-2-3-4-5/h2-4H2,1H3"
26268,water,-47.7,1.24,C6H5NO3,"InChI=1S/C6H5NO3/c8-6-3-1-2-5(4-6)7(9)10/h1-4,8H"
26269,water,-18.13,0.95,C4H9NO2,"InChI=1S/C4H9NO2/c1-2-3-4-5(6)7/h2-4H2,1H3"
26269,hexane,-24.54,1.33,C4H9NO2,"InChI=1S/C4H9NO2/c1-2-3-4-5(6)7/h2-4H2,1H3"
26272,water,-15.06,1.02,C3H6O2,"InChI=1S/C3H6O2/c1-2-5-3-4/h3H,2H2,1H3"
26272,hexane,-17.46,1.27,C3H6O2,"InChI=1S/C3H6O2/c1-2-5-3-4/h3H,2H2,1H3"
26273,water,-16.42,1.09,C2H4O2,"InChI=1S/C2H4O2/c1-4-2-3/h2H,1H3"
26273,hexane,-15.38,1.01,C2H4O2,"InChI=1S/C2H4O2/c1-4-2-3/h2H,1H3"
26274,water,-14.61,1.2,C4H8O2,"InChI=1S/C4H8O2/c1-2-3-6-4-5/h4H,2-3H2,1H3"
26332,water,-21.47,1.07,C3H8O,"InChI=1S/C3H8O/c1-2-3-4/h4H,2-3H2,1H3"
26332,hexane,-11.6,1.21,C3H8O,"InChI=1S/C3H8O/c1-2-3-4/h4H,2-3H2,1H3"
26394,water,-25.03,1.37,C2H6O,"InChI=1S/C2H6O/c1-2-3/h3H,2H2,1H3"
26394,hexane,-7.81,0.91,C2H6O,"InChI=1S/C2H6O/c1-2-3/h3H,2H2,1H3"
27167,water,-25.87,1.19,C7H16O2,"InChI=1S/C7H16O2/c1-3-4-5-9-6-7(2)8/h7-8H,3-6H2,1-2H3/t7-/m0/s1"
27176,water,-61.92,0.99,C16H13NO3,"InChI=1S/C16H13NO3/c18-9-8-17-13-7-3-6-12-14(13)16(20)11-5-2-1-4-10(11)15(12)19/h1-7,17-18H,8-9H2"
27179,water,-21.64,1.03,C10H14O2,"InChI=1S/C10H14O2/c1-3-4-8-5-6-9(11)10(7-8)12-2/h5-7,11H,3-4H2,1-2H3"
27185,water,-28.29,0.96,C3H8O2,"InChI=1S/C3H8O2/c1-5-3-2-4/h4H,2-3H2,1H3"
27254,water,-23.88,1.04,C3H9NO,"InChI=1S/C3H9NO/c1-5-3-2-4/h2-4H2,1H3"
27717,water,-9.03,0.43,C3H6O,"InChI=1S/C3H6O/c1-2-3-4/h3H,2H2,1H3"
27717,hexane,-10.63,1.21,C3H6O,"InChI=1S/C3H6O/c1-2-3-4/h3H,2H2,1H3"
28292,water,-8.64,1.39,C2H4Cl2,"InChI=1S/C2H4Cl2/c3-1-2-4/h1-2H2"
28601,water,11.89,1.39,C8H18,"InChI=1S/C8H18/c1-7(2,3)8(4,5)6/h1-6H3"
29182,water,-22.55,0.98,C6H6Cl6,"InChI=1S/C6H6Cl6/c7-1-2(8)4(10)6(12)5(11)3(1)9/h1-6H/t1-,2-,3-,4-,5+,6+/m1/s1"
29201,water,-4.96,1.45,C6H13I,"InChI=1S/C6H13I/c1-2-3-4-5-6-7/h2-6H2,1H3"
29202,water,-4.38,1.3,C7H15I,"InChI=1S/C7H15I/c1-2-3-4-5-6-7-8/h2-7H2,1H3"
29203,water,-22.24,1.04,C6H5IO,"InChI=1S/C6H5IO/c7-5-3-1-2-4-6(5)8/h1-4,8H"
29204,water,-63.06,1.27,C4H3IN2O2,"InChI=1S/C4H3IN2O2/c5-2-1-6-4(9)7-3(2)8/h1H,(H2,6,7,8,9)"
29254,water,-44.03,1.14,C15H15NO2,"InChI=1S/C15H15NO2/c1-10-6-5-9-13(11(10)2)16-14-8-4-3-7-12(14)15(17)18/h3-9,16H,1-2H3,(H,17,18)"
29352,water,-45.14,0.79,C10H13NO2,"InChI=1S/C10H13NO2/c1-3-13-10-6-4-9(5-7-10)11-8(2)12/h4-7H,3H2,1-2H3,(H,11,12)"
29376,water,-23.72,0.98,CH3NO2,"InChI=1S/CH3NO2/c1-2(3)4/h1H3"
29376,hexane,-16.78,0.97,CH3NO2,"InChI=1S/CH3NO2/c1-2(3)4/h1H3"
29377,water,-10.92,1.05,C8H10O,"InChI=1S/C8H10O/c1-2-9-8-6-4-3-5-7-8/h3-7H,2H2,1H3"
29377,hexane,-27.74,0.72,C8H10O,"InChI=1S/C8H10O/c1-2-9-8-6-4-3-5-7-8/h3-7H,2H2,1H3"
29378,water,-37.03,1.23,C6H15O4P,"InChI=1S/C6H15O4P/c1-4-8-11(7,9-5-2)10-6-3/h4-6H2,1-3H3"
29378,hexane,-41.91,1.36,C6H15O4P,"InChI=1S/C6H15O4P/c1-4-8-11(7,9-5-2)10-6-3/h4-6H2,1-3H3"
29379,water,-41.51,1.17,C9H21O4P,"InChI=1S/C9H21O4P/c1-4-7-11-14(10,12-8-5-2)13-9-6-3/h4-9H2,1-3H3"
29379,hexane,-51.07,0.94,C9H21O4P,"InChI=1S/C9H21O4P/c1-4-7-11-14(10,12-8-5-2)13-9-6-3/h4-9H2,1-3H3"
30139,water,-31.78,1.25,C2H8N2,"InChI=1S/C2H8N2/c1-4(2)3/h3H2,1-2H3"
30173,water,2.3,1.13,C8H4F6,"InChI=1S/C8H4F6/c9-7(10,11)5-3-1-2-4-6(5)8(12,13)14/h1-4H"
30180,water,-20.05,0.66,C3H5ClO2,"InChI=1S/C3H5ClO2/c1-6-3(5)2-4/h2H2,1H3"
30182,water,-19.29,1.07,CH3ClO2S,"InChI=1S/CH3ClO2S/c1-5(2,3)4/h1H3"
30183,water,9.25,1.26,C8H18,"InChI=1S/C8H18/c1-6(2)8(5)7(3)4/h6-8H,1-5H3"
30184,water,3.01,0.91,C2HBrF4,"InChI=1S/C2HBrF4/c3-1(4)2(5,6)7/h1H/t1-/m0/s1"
30185,water,-30.49,1.34,C8H14O4,"InChI=1S/C8H14O4/c1-3-11-7(9)5-6-8(10)12-4-2/h3-6H2,1-2H3"
30187,water,-12.33,1.43,C8H16O2,"InChI=1S/C8H16O2/c1-3-5-6-7-8(9)10-4-2/h3-7H2,1-2H3"
30188,water,-58.8,1.21,C9H10N2O3,"InChI=1S/C9H10N2O3/c1-10(2)9(12)7-3-5-8(6-4-7)11(13)14/h3-6H,1-2H3"
30189,water,10.87,0.9,C7H16,"InChI=1S/C7H16/c1-4-5-6-7(2)3/h7H,4-6H2,1-3H3"
30190,water,-12.91,1.33,C8H14O2,"InChI=1S/C8H14O2/c1-10-8(9)7-5-3-2-4-6-7/h7H,2-6H2,1H3"
30192,water,-21.86,0.84,C5H9N,"InChI=1S/C5H9N/c1-2-3-4-5-6/h2-4H2,1H3"
30193,water,-28.07,1.41,C9H10O2,"InChI=1S/C9H10O2/c1-7(10)8-3-5-9(11-2)6-4-8/h3-6H,1-2H3"
30194,water,7.2,0.87,C8H16,"InChI=1S/C8H16/c1-7-3-5-8(2)6-4-7/h7-8H,3-6H2,1-2H3/t7-,8-"
30195,water,-33.5,1.39,C10H6Cl8,"InChI=1S/C10H6Cl8/c11-2-1-3(12)5-4(2)8(15)6(13)7(14)9(5,16)10(8,17)18/h2-5H,1H2/t2-,3+,4-,5+,8+,9-"
30196,water,-14.97,1.01,C6H14O,"InChI=1S/C6H14O/c1-4-6(7)5(2)3/h5-7H,4H2,1-3H3/t6-/m1/s1"
30197,water,-8.71,1.28,C8H16O2,"InChI=1S/C8H16O2/c1-6(2)5-10-8(9)7(3)4/h6-7H,5H2,1-4H3"
30198,water,-6.37,1.32,C6H12O2,"InChI=1S/C6H12O2/c1-6(2,3)5(7)8-4/h1-4H3"
30199,water,9.86,1.02,C7H16,"InChI=1S/C7H16/c1-5-7(3,4)6-2/h5-6H2,1-4H3"
30200,water,-32.66,1.25,C6H13NO,"InChI=1S/C6H13NO/c1-2-3-4-5-6(7)8/h2-5H2,1H3,(H2,7,8)"
30201,water,10.86,0.94,C8H18,"InChI=1S/C8H18/c1-4-6-7-8(3)5-2/h8H,4-7H2,1-3H3/t8-/m0/s1"
30202,water,8.78,0.92,C6H14,"InChI=1S/C6H14/c1-5(2)6(3)4/h5-6H,1-4H3"
30203,water,-27.3,0.99,C8H10O,"InChI=1S/C8H10O/c1-2-7-3-5-8(9)6-4-7/h3-6,9H,2H2,1H3"
30204,water,-18.26,1.44,C6H14O,"InChI=1S/C6H14O/c1-3-5-6(7)4-2/h6-7H,3-5H2,1-2H3/t6-/m0/s1"
30205,water,-22.41,0.92,C8H10O,"InChI=1S/C8H10O/c1-6-3-4-8(9)7(2)5-6/h3-5,9H,1-2H3"
30206,water,-8.42,1.08,C3H4Cl2F2O,"InChI=1S/C3H4Cl2F2O/c1-8-3(6,7)2(4)5/h2H,1H3"
30206,hexane,-27.1,0.98,C3H4Cl2F2O,"InChI=1S/C3H4Cl2F2O/c1-8-3(6,7)2(4)5/h2H,1H3"
30207,water,-34.39,1.4,C6H14O4,"InChI=1S/C6H14O4/c1-7-5-6(8-2,9-3)10-4/h5H2,1-4H3"
30208,water,-40.8,0.98,C6H6N2O2,"InChI=1S/C6H6N2O2/c7-5-2-1-3-6(4-5)8(9)10/h1-4H,7H2"
30209,water,-23.6,1.04,C8H10O,"InChI=1S/C8H10O/c1-6-3-4-8(9)5-7(6)2/h3-5,9H,1-2H3"
30210,water,-51.75,1.06,C10H19O6PS2,"InChI=1S/C10H21O6PS2/c1-5-15-9(11)7-8(10(12)16-6-2)19-17(18,13-3)14-4/h8,17-18H,5-7H2,1-4H3/t8-/m1/s1"
30211,water,-26.71,1.09,C7H7ClO,"InChI=1S/C7H7ClO/c1-5-4-6(9)2-3-7(5)8/h2-4,9H,1H3"
30212,water,-26.33,0.88,C6H5NO,"InChI=1S/C6H6NO/c8-5-6-1-3-7-4-2-6/h1,3-5H,2H2"
30214,water,-11.2,1.32,C4H9NO3,"InChI=1S/C4H9NO3/c1-3-4(2)8-5(6)7/h4H,3H2,1-2H3/t4-/m0/s1"
30215,water,-43.28,1.18,C9H22O4P2S4,"InChI=1S/C9H26O4P2S4/c1-5-10-14(16,11-6-2)18-9-19-15(17,12-7-3)13-8-4/h14-17H,5-9H2,1-4H3"
30216,water,-15.59,1.06,C4H10S,"InChI=1S/C4H10S/c1-2-3-4-5/h5H,2-4H2,1H3"
30217,water,-22.85,1.14,C5H12O3,"InChI=1S/C5H12O3/c1-5(6-2,7-3)8-4/h1-4H3"
30218,water,10.12,0.81,C7H16,"InChI=1S/C7H16/c1-4-6-7(3)5-2/h7H,4-6H2,1-3H3/t7-/m1/s1"
30219,water,-7.62,1.48,C10H20O,"InChI=1S/C10H20O/c1-3-4-5-6-7-8-9-10(2)11/h3-9H2,1-2H3"
30220,water,-0.69,1.0,C9H12,"InChI=1S/C9H12/c1-3-9-6-4-8(2)5-7-9/h4-7H,3H2,1-2H3"
30221,water,-11.52,1.33,C6H15N,"InChI=1S/C6H15N/c1-5(2)7-6(3)4/h5-7H,1-4H3"
30223,water,-0.76,0.9,C9H10,"InChI=1S/C9H10/c1-8(2)9-6-4-3-5-7-9/h3-7H,1H2,2H3"
30224,water,-29.5,0.85,C2H6O3S,"InChI=1S/C2H8O3S/c1-5-6(2,3)4/h3-4H,1-2H3"
30225,water,-29.04,0.88,C6H5NO,"InChI=1S/C6H6NO/c8-5-6-2-1-3-7-4-6/h1-6H"
30226,water,-20.04,1.25,C5H4ClN,"InChI=1S/C5H5ClN/c6-5-3-1-2-4-7-5/h1-2,4H,3H2"
30227,water,-21.12,1.42,C6H6ClN,"InChI=1S/C6H6ClN/c7-5-2-1-3-6(8)4-5/h1-4H,8H2"
30228,water,-18.23,1.16,C8H11N,"InChI=1S/C8H11N/c1-6-4-3-5-7(2)8(6)9/h3-5H,9H2,1-2H3"
30230,water,-37.48,1.4,C4H5NO2,"InChI=1S/C4H5NO2/c1-7-4(6)2-3-5/h2H2,1H3"
30231,water,-26.74,1.08,C6H5ClO,"InChI=1S/C6H5ClO/c7-5-2-1-3-6(8)4-5/h1-4,8H"
30232,water,-13.8,0.84,C9H10F3N,"InChI=1S/C9H10F3N/c1-13(7-9(10,11)12)8-5-3-2-4-6-8/h2-6H,7H2,1H3"
30233,water,-31.94,1.39,C9H10O3,"InChI=1S/C9H10O3/c1-11-8-5-3-7(4-6-8)9(10)12-2/h3-6H,1-2H3"
30234,water,-26.86,1.36,C10H14O3,"InChI=1S/C10H14O3/c1-11-10(12-2,13-3)9-7-5-4-6-8-9/h4-8H,1-3H3"
30235,water,-45.69,1.28,C7H14N2O2S,"InChI=1S/C7H14N2O2S/c1-7(2,12-4)5-9-11-6(10)8-3/h5H,1-4H3,(H,8,10)/b9-5-"
30236,water,-13.28,1.27,C8H14O,"InChI=1S/C8H14O/c1-7(9)8-5-3-2-4-6-8/h8H,2-6H2,1H3"
30237,water,-15.54,0.91,C5H8O2,"InChI=1S/C5H8O2/c1-7-5(6)4-2-3-4/h4H,2-3H2,1H3"
30238,water,-40.31,1.29,C5H11ClO3,"InChI=1S/C5H11ClO3/c1-7-5(4-6,8-2)9-3/h4H2,1-3H3"
30239,water,-11.03,1.34,C5H8O,"InChI=1S/C5H8O/c1-4(6)5-2-3-5/h5H,2-3H2,1H3"
30240,water,-25.4,1.14,C8H10O,"InChI=1S/C8H10O/c1-2-7-4-3-5-8(9)6-7/h3-6,9H,2H2,1H3"
30241,water,-8.88,1.36,C12H10,"InChI=1S/C12H10/c1-3-9-4-2-6-11-8-7-10(5-1)12(9)11/h1-6H,7-8H2"
30242,water,-6.55,1.03,C3H3F3O2,"InChI=1S/C3H3F3O2/c1-8-2(7)3(4,5)6/h1H3"
30243,water,-20.36,0.91,C8H10O,"InChI=1S/C8H10O/c1-6-3-4-7(2)8(9)5-6/h3-5,9H,1-2H3"
30244,water,-24.67,1.05,C8H10O,"InChI=1S/C8H10O/c1-6-3-7(2)5-8(9)4-6/h3-5,9H,1-2H3"
30245,water,-10.61,0.93,C6H12O,"InChI=1S/C6H12O/c1-5(2)4-6(3)7/h5H,4H2,1-3H3"
30246,water,-22.26,1.11,C11H16O3,"InChI=1S/C11H16O3/c1-3-12-11(13-4-2)14-10-8-6-5-7-9-10/h5-9,11H,3-4H2,1-2H3"
30248,water,-70.45,1.39,C7H12ClN5,"InChI=1S/C7H12ClN5/c1-3-9-6-11-5(8)12-7(13-6)10-4-2/h9-10H,3-4H2,1-2H3"
30249,water,-5.14,0.85,C5H6S,"InChI=1S/C5H6S/c1-5-3-2-4-6-5/h2-4H,1H3"
30250,water,8.84,1.28,C9H18,"InChI=1S/C9H18/c1-3-5-7-9-8-6-4-2/h3H,1,4-9H2,2H3"
30251,water,-37.96,1.32,C8H7NO4,"InChI=1S/C8H7NO4/c1-13-8(10)6-2-4-7(5-3-6)9(11)12/h2-5H,1H3"
30253,water,-5.4,1.21,C8H7F3O,"InChI=1S/C8H7F3O/c9-7(10)8(11)12-6-4-2-1-3-5-6/h1-5,7-8H/t8-/m0/s1"
30254,water,-0.52,1.06,C10H14,"InChI=1S/C10H14/c1-9(2)8-10-6-4-3-5-7-10/h3-7,9H,8H2,1-2H3"
30255,water,-21.88,1.19,C9H10O2,"InChI=1S/C9H10O2/c1-2-11-9(10)8-6-4-3-5-7-8/h3-7H,2H2,1H3"
30257,water,-7.02,1.14,C4H8O,"InChI=1S/C4H8O/c1-4(2)3-5/h3-4H,1-2H3"
30259,water,13.2,1.47,C3F6,"InChI=1S/C3F6/c4-1(2(5)6)3(7,8)9"
30260,water,-22.58,0.97,C8H10O,"InChI=1S/C8H10O/c1-6-4-3-5-8(9)7(6)2/h3-5,9H,1-2H3"
30261,water,-56.05,1.35,C10H19N5S,"InChI=1S/C10H19N5S/c1-6-11-7-12-8(15-10(2,3)4)14-9(13-7)16-5/h11,15H,6H2,1-5H3"
30262,water,-29.59,1.19,C9H12O,"InChI=1S/C9H12O/c10-8-4-7-9-5-2-1-3-6-9/h1-3,5-6,10H,4,7-8H2"
30263,water,-41.35,1.08,C6H11NO3,"InChI=1S/C6H11NO3/c1-8-6(9-2,10-3)4-5-7/h4H2,1-3H3"
30264,water,8.07,0.76,C7H14,"InChI=1S/C7H14/c1-3-5-7-6-4-2/h3H,1,4-7H2,2H3"
30265,water,-28.9,1.16,C4H10O3,"InChI=1S/C4H10O3/c1-5-4(6-2)7-3/h4H,1-3H3"
30266,water,-12.82,1.22,C7H17N,"InChI=1S/C7H17N/c1-2-3-4-5-6-7-8/h2-8H2,1H3"
30267,water,-19.2,0.81,C8H8O,"InChI=1S/C8H8O/c1-7-2-4-8(6-9)5-3-7/h2-6H,1H3"
30268,water,8.86,1.23,C10H20,"InChI=1S/C10H20/c1-2-3-4-7-10-8-5-6-9-10/h10H,2-9H2,1H3"
30269,water,-24.64,1.37,C10H9N,"InChI=1S/C10H9N/c11-10-7-3-5-8-4-1-2-6-9(8)10/h1-7H,11H2"
30307,water,-10.11,0.99,C6H14S,"InChI=1S/C6H14S/c1-5(2)7-6(3)4/h5-6H,1-4H3"
30308,water,-35.14,1.14,C12H14Cl3O4P,"InChI=1S/C12H14Cl3O4P/c1-3-17-20(16,18-4-2)19-12(8-13)10-6-5-9(14)7-11(10)15/h5-8H,3-4H2,1-2H3/b12-8+"
30315,water,-44.08,1.32,C4H8Cl3O4P,"InChI=1S/C4H8Cl3O4P/c1-10-12(9,11-2)3(8)4(5,6)7/h3,8H,1-2H3/t3-/m1/s1"
30317,water,-32.37,1.29,C6H10O4,"InChI=1S/C6H10O4/c1-5(7)9-3-4-10-6(2)8/h3-4H2,1-2H3"
30318,water,-31.64,1.1,C11H16ClO2PS3,"InChI=1S/C11H18ClO2PS3/c1-3-13-15(16,14-4-2)18-9-17-11-7-5-10(12)6-8-11/h5-8,15-16H,3-4,9H2,1-2H3"
30320,water,-14.49,1.1,C6H12O2,"InChI=1S/C6H12O2/c1-6(2)3-4-8-5-7/h5-6H,3-4H2,1-2H3"
30321,water,-8.3,1.48,C12H9Cl,"InChI=1S/C12H9Cl/c13-12-9-5-4-8-11(12)10-6-2-1-3-7-10/h1-9H"
30326,water,-33.17,1.47,C7H17O2PS3,"InChI=1S/C7H19O2PS3/c1-4-8-10(11,9-5-2)13-7-12-6-3/h10-11H,4-7H2,1-3H3"
30328,water,-38.21,0.99,C15H13FO2,"InChI=1S/C15H13FO2/c1-10(15(17)18)12-7-8-13(14(16)9-12)11-5-3-2-4-6-11/h2-10H,1H3,(H,17,18)/t10-/m0/s1"
30337,water,-17.08,0.99,C6H14O2,"InChI=1S/C6H14O2/c1-4-7-6(3)8-5-2/h6H,4-5H2,1-3H3"
30342,water,9.44,1.13,C7H16,"InChI=1S/C7H16/c1-5-7(4)6(2)3/h6-7H,5H2,1-4H3/t7-/m1/s1"
30343,water,-12.22,1.19,C4H8O2,"InChI=1S/C4H8O2/c1-4(2)6-3-5/h3-4H,1-2H3"
30348,water,-24.08,1.05,C7H14O,"InChI=1S/C7H14O/c8-7-5-3-1-2-4-6-7/h7-8H,1-6H2"
30349,water,-39.31,1.42,C12H21N2O3PS,"InChI=1S/C12H24N2O3PS/c1-6-15-18(19,16-7-2)17-11-8-10(5)13-12(14-11)9(3)4/h9,18-19H,6-8H2,1-5H3"
30351,water,6.98,0.95,C8H16,"InChI=1S/C8H16/c1-7-5-3-4-6-8(7)2/h7-8H,3-6H2,1-2H3/t7-,8+"
30352,water,-34.51,1.19,C14H20ClNO2,"InChI=1S/C14H20ClNO2/c1-4-11-7-6-8-12(5-2)14(11)16(10-18-3)13(17)9-15/h6-8H,4-5,9-10H2,1-3H3"
30353,water,-54.78,1.06,C14H17ClNO4PS2,"InChI=1S/C14H19ClNO4PS2/c1-3-19-21(22,20-4-2)23-12(9-15)16-13(17)10-7-5-6-8-11(10)14(16)18/h5-8,12,21-22H,3-4,9H2,1-2H3/t12-/m0/s1"
30359,water,-18.95,0.98,C5H12O,"InChI=1S/C5H12O/c1-3-5(2)4-6/h5-6H,3-4H2,1-2H3/t5-/m1/s1"
30360,water,-51.81,1.15,C8H10NO5PS,"InChI=1S/C8H12NO5PS/c1-12-15(16,13-2)14-8-5-3-7(4-6-8)9(10)11/h3-6,15-16H,1-2H3"
30367,water,-18.94,1.01,C4H10O,"InChI=1S/C4H10O/c1-4(2)3-5/h4-5H,3H2,1-2H3"
30369,water,-13.62,0.88,C5H10O2,"InChI=1S/C5H10O2/c1-5(2)3-7-4-6/h4-5H,3H2,1-2H3"
30370,water,-12.55,0.8,C6H12O2,"InChI=1S/C6H12O2/c1-5(2)4-8-6(3)7/h5H,4H2,1-3H3"
30372,water,-33.21,0.93,C2H4N2O6,"InChI=1S/C2H4N2O6/c5-3(6)9-1-2-10-4(7)8/h1-2H2"
30373,water,-21.22,1.38,C13H16F3N3O4,"InChI=1S/C13H16F3N3O4/c1-3-5-17(6-4-2)12-10(18(20)21)7-9(13(14,15)16)8-11(12)19(22)23/h7-8H,3-6H2,1-2H3"
30379,water,-12.54,1.3,C3H6Cl2,"InChI=1S/C3H6Cl2/c4-2-1-3-5/h1-3H2"
30381,water,-13.91,1.39,C4H9NO3,"InChI=1S/C4H9NO3/c1-4(2)3-8-5(6)7/h4H,3H2,1-2H3"
30388,water,-26.71,0.94,C14H16F3N3O4,"InChI=1S/C14H16F3N3O4/c1-2-5-18(8-9-3-4-9)13-11(19(21)22)6-10(14(15,16)17)7-12(13)20(23)24/h6-7,9H,2-5,8H2,1H3"
30390,water,-2.74,0.61,C4H9Cl,"InChI=1S/C4H9Cl/c1-3-4(2)5/h4H,3H2,1-2H3/t4-/m0/s1"
30393,water,6.63,0.59,C5H10,"InChI=1S/C5H10/c1-3-5-4-2/h3H,1,4-5H2,2H3"
30393,hexane,-12.65,1.38,C5H10,"InChI=1S/C5H10/c1-3-5-4-2/h3H,1,4-5H2,2H3"
30394,water,-48.46,1.45,C9H10O3,"InChI=1S/C9H10O3/c1-2-12-9(11)7-3-5-8(10)6-4-7/h3-6,10H,2H2,1H3"
30395,water,-8.34,1.31,C4H10O,"InChI=1S/C4H10O/c1-4(2)5-3/h4H,1-3H3"
30397,water,-46.36,1.38,C12H15NO3,"InChI=1S/C12H15NO3/c1-12(2)7-8-5-4-6-9(10(8)16-12)15-11(14)13-3/h4-6H,7H2,1-3H3,(H,13,14)"
30398,water,-10.3,0.68,C5H10O,"InChI=1S/C5H10O/c1-2-3-4-5-6/h5H,2-4H2,1H3"
30398,hexane,-17.73,1.24,C5H10O,"InChI=1S/C5H10O/c1-2-3-4-5-6/h5H,2-4H2,1H3"
30405,water,-21.45,1.07,C5H12O,"InChI=1S/C5H12O/c1-2-3-4-5-6/h6H,2-5H2,1H3"
30405,hexane,-17.41,0.7,C5H12O,"InChI=1S/C5H12O/c1-2-3-4-5-6/h6H,2-5H2,1H3"
30409,water,-44.44,1.2,C3H9O4P,"InChI=1S/C3H9O4P/c1-5-8(4,6-2)7-3/h1-3H3"
30409,hexane,-38.23,1.03,C3H9O4P,"InChI=1S/C3H9O4P/c1-5-8(4,6-2)7-3/h1-3H3"
30410,water,5.98,1.26,C4H8,"InChI=1S/C4H8/c1-3-4-2/h3H,1,4H2,2H3"
30410,hexane,-9.71,1.44,C4H8,"InChI=1S/C4H8/c1-3-4-2/h3H,1,4H2,2H3"
30411,water,-10.85,1.31,C4H8O,"InChI=1S/C4H8O/c1-2-3-4-5/h4H,2-3H2,1H3"
30411,hexane,-14.1,1.47,C4H8O,"InChI=1S/C4H8O/c1-2-3-4-5/h4H,2-3H2,1H3"
30413,water,-21.3,0.97,C4H10O,"InChI=1S/C4H10O/c1-2-3-4-5/h5H,2-4H2,1H3"
30413,hexane,-14.36,1.18,C4H10O,"InChI=1S/C4H10O/c1-2-3-4-5/h5H,2-4H2,1H3"
30418,water,-20.48,1.23,C7H16O,"InChI=1S/C7H16O/c1-2-3-4-5-6-7-8/h8H,2-7H2,1H3"
30418,hexane,-22.78,0.8,C7H16O,"InChI=1S/C7H16O/c1-2-3-4-5-6-7-8/h8H,2-7H2,1H3"
30419,water,-7.27,1.33,C8H16O,"InChI=1S/C8H16O/c1-2-3-4-5-6-7-8-9/h8H,2-7H2,1H3"
30419,hexane,-26.06,0.93,C8H16O,"InChI=1S/C8H16O/c1-2-3-4-5-6-7-8-9/h8H,2-7H2,1H3"
30420,water,-13.49,0.63,C7H9N,"InChI=1S/C7H10N/c1-2-7-5-3-4-6-8-7/h3,5-6H,2,4H2,1H3"
30422,water,-12.56,0.9,C3H5F3O,"InChI=1S/C3H5F3O/c1-2(7)3(4,5)6/h2,7H,1H3/t2-/m0/s1"
30423,water,-17.18,1.0,C4H11N,"InChI=1S/C4H11N/c1-2-3-4-5/h2-5H2,1H3"
30423,hexane,-15.51,1.09,C4H11N,"InChI=1S/C4H11N/c1-2-3-4-5/h2-5H2,1H3"
30424,water,-43.85,0.46,C2H6O2,"InChI=1S/C2H6O2/c3-1-2-4/h3-4H,1-2H2"
30424,hexane,-12.41,0.97,C2H6O2,"InChI=1S/C2H6O2/c3-1-2-4/h3-4H,1-2H2"
30426,water,-7.65,1.42,C7H14O,"InChI=1S/C7H14O/c1-2-3-4-5-6-7-8/h7H,2-6H2,1H3"
30427,water,-9.4,0.91,C6H12O,"InChI=1S/C6H12O/c1-2-3-4-5-6-7/h6H,2-5H2,1H3"
30428,water,6.93,1.05,C8H16,"InChI=1S/C8H16/c1-3-5-7-8-6-4-2/h3H,1,4-8H2,2H3"
30429,water,-14.86,0.98,C6H14O2,"InChI=1S/C6H14O2/c1-3-7-5-6-8-4-2/h3-6H2,1-2H3"
30430,water,8.2,0.98,C6H10,"InChI=1S/C6H10/c1-5(2)6(3)4/h1,3H2,2,4H3"
30432,water,-6.93,1.42,C9H18O,"InChI=1S/C9H18O/c1-2-3-4-5-6-7-8-9-10/h9H,2-8H2,1H3"
30434,water,-23.26,1.0,C3H6O,"InChI=1S/C3H6O/c1-2-3-4/h2,4H,1,3H2"
30434,hexane,-10.13,1.14,C3H6O,"InChI=1S/C3H6O/c1-2-3-4/h2,4H,1,3H2"
30435,water,-77.0,1.34,C11H13F3N4O4,"InChI=1S/C11H13F3N4O4/c1-3-16(4-2)9-7(17(19)20)5-6(11(12,13)14)8(15)10(9)18(21)22/h5H,3-4,15H2,1-2H3"
30437,water,-60.48,1.22,C9H13ClN2O2,"InChI=1S/C9H13ClN2O2/c1-5-6(10)7(13)12(8(14)11-5)9(2,3)4/h1-4H3,(H,11,14)"
30441,water,-26.15,1.42,C5H10O,"InChI=1S/C5H10O/c6-5-3-1-2-4-5/h5-6H,1-4H2"
30441,hexane,-16.78,1.07,C5H10O,"InChI=1S/C5H10O/c6-5-3-1-2-4-5/h5-6H,1-4H2"
30446,water,-0.74,0.53,C10H14,"InChI=1S/C10H14/c1-3-9(2)10-7-5-4-6-8-10/h4-9H,3H2,1-2H3/t9-/m0/s1"
30466,water,-46.06,0.86,C11H14O3,"InChI=1S/C11H14O3/c1-2-3-8-14-11(13)9-4-6-10(12)7-5-9/h4-7,12H,2-3,8H2,1H3"
30467,water,-47.72,1.22,C7H5NO,"InChI=1S/C7H5NO/c8-5-6-2-1-3-7(9)4-6/h1-4,9H"
30469,water,-20.6,1.35,C9H20O,"InChI=1S/C9H20O/c1-2-3-4-5-6-7-8-9-10/h10H,2-9H2,1H3"
30470,water,-31.8,0.83,C8H10O,"InChI=1S/C8H10O/c9-7-6-8-4-2-1-3-5-8/h1-5,9H,6-7H2"
30471,water,-16.88,1.23,C10H21NOS,"InChI=1S/C10H21NOS/c1-4-7-11(8-5-2)10(12)13-9-6-3/h4-9H2,1-3H3"
30472,water,-47.56,1.25,C10H12O3,"InChI=1S/C10H12O3/c1-2-7-13-10(12)8-3-5-9(11)6-4-8/h3-6,11H,2,7H2,1H3"
30473,water,-18.17,0.99,C6H8N2,"InChI=1S/C6H8N2/c1-2-6-5-7-3-4-8-6/h3-5H,2H2,1H3"
30473,hexane,-27.6,1.08,C6H8N2,"InChI=1S/C6H8N2/c1-2-6-5-7-3-4-8-6/h3-5H,2H2,1H3"
30478,water,-15.26,0.83,C5H13N,"InChI=1S/C5H13N/c1-2-3-4-5-6/h2-6H2,1H3"
30478,hexane,-16.93,1.38,C5H13N,"InChI=1S/C5H13N/c1-2-3-4-5-6/h2-6H2,1H3"
30480,water,-13.34,0.91,C3H5F3O,"InChI=1S/C3H5F3O/c1-2(7)3(4,5)6/h2,7H,1H3/t2-/m1/s1"
30483,water,-16.42,1.33,C2H7N,"InChI=1S/C2H7N/c1-2-3/h2-3H2,1H3"
30483,hexane,-7.84,1.09,C2H7N,"InChI=1S/C2H7N/c1-2-3/h2-3H2,1H3"
30486,water,-12.59,0.9,C6H15N,"InChI=1S/C6H15N/c1-2-3-4-5-6-7/h2-7H2,1H3"
30490,water,-47.93,0.99,C8H8O3,"InChI=1S/C8H8O3/c1-11-8(10)6-2-4-7(9)5-3-6/h2-5,9H,1H3"
30491,water,-36.29,1.08,C7H8O2,"InChI=1S/C7H8O2/c1-9-7-4-2-3-6(8)5-7/h2-5,8H,1H3"
30493,water,-14.7,0.81,C3H9N,"InChI=1S/C3H9N/c1-2-3-4/h2-4H2,1H3"
30493,hexane,-10.23,1.33,C3H9N,"InChI=1S/C3H9N/c1-2-3-4/h2-4H2,1H3"
30496,water,-43.04,0.93,C7H7NO,"InChI=1S/C7H7NO/c8-7(9)6-4-2-1-3-5-6/h1-5H,(H2,8,9)"
30496,hexane,-23.71,1.38,C7H7NO,"InChI=1S/C7H7NO/c8-7(9)6-4-2-1-3-5-6/h1-5H,(H2,8,9)"
30497,water,-16.55,0.83,C5H11N,"InChI=1S/C5H11N/c1-2-4-6-5-3-1/h6H,1-5H2"
30501,water,-52.1,1.17,C9H12N2O,"InChI=1S/C9H12N2O/c1-11(2)9(12)10-8-6-4-3-5-7-8/h3-7H,1-2H3,(H,10,12)"
30505,water,-5.69,1.3,C3H5Cl,"InChI=1S/C3H5Cl/c1-2-3-4/h2H,1,3H2"
30505,hexane,-13.25,1.22,C3H5Cl,"InChI=1S/C3H5Cl/c1-2-3-4/h2H,1,3H2"
30508,water,-42.76,1.44,C7H6O2,"InChI=1S/C7H6O2/c8-5-6-1-3-7(9)4-2-6/h1-5,9H"
30508,hexane,-25.99,0.77,C7H6O2,"InChI=1S/C7H6O2/c8-5-6-1-3-7(9)4-2-6/h1-5,9H"
30511,water,-14.41,1.12,C8H19N,"InChI=1S/C8H19N/c1-2-3-4-5-6-7-8-9/h2-9H2,1H3"
30512,water,-20.89,1.12,C8H18O,"InChI=1S/C8H18O/c1-2-3-4-5-6-7-8-9/h9H,2-8H2,1H3"
30512,hexane,-26.88,0.95,C8H18O,"InChI=1S/C8H18O/c1-2-3-4-5-6-7-8-9/h9H,2-8H2,1H3"
30547,water,-56.43,1.37,C8H9NO2,"InChI=1S/C8H9NO2/c1-6(10)9-7-3-2-4-8(11)5-7/h2-5,11H,1H3,(H,9,10)"
30553,water,-49.47,1.32,C9H13O3PS2,"InChI=1S/C9H15O3PS2/c1-7-6-8(4-5-9(7)15-3)12-13(10,14)11-2/h4-6,10,13-14H,1-3H3"
30561,water,-42.89,1.12,C8H8O3,"InChI=1S/C8H8O3/c1-11-7-4-2-3-6(5-7)8(9)10/h2-5H,1H3,(H,9,10)"
30598,water,-2.4,0.83,H3P,"InChI=1S/H3P/h1H3"
30612,water,-114.6,1.19,C12H13N5O6S2,"InChI=1S/C12H13N5O6S2/c1-6-13-10(16-12(14-6)23-3)15-11(19)17-25(20,21)7-4-5-24-8(7)9(18)22-2/h4-5H,1-3H3,(H2,15,17,19)"
30615,water,-36.2,1.45,CH6N2,"InChI=1S/CH6N2/c1-3-2/h3H,2H2,1H3"
30624,water,-50.35,0.87,C15H14NO2PS,"InChI=1S/C15H16NO2PS/c1-2-17-19(20,15-6-4-3-5-7-15)18-14-10-8-13(12-16)9-11-14/h3-11,19-20H,2H2,1H3"
30652,water,-46.03,1.03,C8H8O3,"InChI=1S/C8H8O3/c1-11-7-4-2-6(3-5-7)8(9)10/h2-5H,1H3,(H,9,10)"
30694,water,-11.8,1.09,C2H6O2,"InChI=1S/C2H6O2/c1-2-4-3/h3H,2H2,1H3"
30695,water,-14.14,0.86,CH4O2,"InChI=1S/CH4O2/c1-3-2/h2H,1H3"
30824,water,-53.38,1.2,C6H8N2O2,"InChI=1S/C6H8N2O2/c1-4-3-8(2)6(10)7-5(4)9/h3H,1-2H3,(H,7,9,10)"
30887,water,-56.99,0.91,C3H8O3,"InChI=1S/C3H8O3/c4-1-3(6)2-5/h3-6H,1-2H2"
31148,water,-25.32,1.34,C7H8O,"InChI=1S/C7H8O/c1-6-4-2-3-5-7(6)8/h2-5,8H,1H3"
31148,hexane,-22.73,1.01,C7H8O,"InChI=1S/C7H8O/c1-6-4-2-3-5-7(6)8/h2-5,8H,1H3"
32374,water,-75.65,0.91,C5H10O5,"InChI=1S/C5H10O5/c6-2-1-10-5(9)4(8)3(2)7/h2-9H,1H2/t2-,3+,4-,5+/m1/s1"
32654,water,-30.39,1.28,C5H10O2,"InChI=1S/C5H10O2/c1-4(2)3-5(6)7/h4H,3H2,1-2H3,(H,6,7)"
35692,water,-18.31,0.79,C6H13N,"InChI=1S/C6H13N/c7-6-4-2-1-3-5-6/h6H,1-5,7H2"
36886,water,-99.21,1.08,C6H14O6,"InChI=1S/C6H14O6/c7-1-3(9)5(11)6(12)4(10)2-8/h3-12H,1-2H2/t3-,4-,5-,6-/m1/s1"
37388,water,-20.05,1.32,C5H12O,"InChI=1S/C5H12O/c1-3-5(2)4-6/h5-6H,3-4H2,1-2H3/t5-/m0/s1"
39435,water,-36.66,0.92,C7H13NO,"InChI=1S/C7H13NO/c1-7(9)8-5-3-2-4-6-8/h2-6H2,1H3"
42488,water,-64.74,1.39,C6H3Cl3N2O2,"InChI=1S/C6H4Cl3N2O2/c7-1-3(10)2(8)5(9)11-4(1)6(12)13/h1H,10H2,(H,12,13)"
46916,water,-32.02,1.34,C9H11Cl3NO3PS,"InChI=1S/C9H14Cl3NO3PS/c1-3-14-17(18,15-4-2)16-9-7(11)5-6(10)8(12)13-9/h5-6,17-18H,3-4H2,1-2H3"
48262,water,-24.4,1.31,C10H9N,"InChI=1S/C10H9N/c11-10-6-5-8-3-1-2-4-9(8)7-10/h1-7H,11H2"
48906,water,-50.0,1.25,C4H8Cl3O4P,"InChI=1S/C4H8Cl3O4P/c1-10-12(9,11-2)3(8)4(5,6)7/h3,8H,1-2H3/t3-/m0/s1"
102066,water,-38.4,1.36,C2H5NO,"InChI=1/C2H5NO/c1-2(3)4/h1H3,(H2,3,4)/f/h3H2"
102066,hexane,-11.22,1.2,C2H5NO,"InChI=1/C2H5NO/c1-2(3)4/h1H3,(H2,3,4)/f/h3H2"
102073,water,-53.2,0.48,CH4N2O,"InChI=1S/CH4N2O/c2-1(3)4/h(H4,2,3,4)"
102073,hexane,-11.17,1.24,CH4N2O,"InChI=1S/CH4N2O/c2-1(3)4/h(H4,2,3,4)"
103297,water,-48.33,1.41,C7H14N2O2S,"InChI=1S/C7H16N2O2S/c1-7(2,12-4)5-9-11-6(10)8-3/h9H,5H2,1-4H3,(H,8,10)"
121093,water,-59.65,1.23,C9H13BrN2O2,"InChI=1S/C9H13BrN2O2/c1-4-5(2)12-8(13)7(10)6(3)11-9(12)14/h5H,4H2,1-3H3,(H,11,14)/t5-/m0/s1"
181152,water,-19.65,1.05,C10H20O,"InChI=1S/C10H20O/c1-7(2)9-5-4-8(3)6-10(9)11/h7-11H,4-6H2,1-3H3/t8-,9+,10-/m1/s1"
228665,water,-50.74,0.87,C16H14O3,"InChI=1S/C16H14O3/c1-11(16(18)19)13-8-5-9-14(10-13)15(17)12-6-3-2-4-7-12/h2-11H,1H3,(H,18,19)/t11-/m0/s1"
273097,water,-4.64,1.17,C5H11Cl,"InChI=1S/C5H11Cl/c1-4-5(2,3)6/h4H2,1-3H3"
276198,water,-12.69,1.38,C12H8Cl2,"InChI=1S/C12H8Cl2/c13-11-7-3-1-5-9(11)10-6-2-4-8-12(10)14/h1-8H"
276198,hexane,-41.57,0.84,C12H8Cl2,"InChI=1S/C12H8Cl2/c13-11-7-3-1-5-9(11)10-6-2-4-8-12(10)14/h1-8H"
302813,water,-49.62,1.32,C8H9NO2,"InChI=1S/C8H9NO2/c1-6(10)9-7-4-2-3-5-8(7)11/h2-5,11H,1H3,(H,9,10)"
312302,water,-0.61,1.41,C5H6,"InChI=1S/C5H6/c1-3-5-4-2/h1,4H,2,5H2"